통계연월,통계시도명,통계시군구명,지원구분,지급건수,,통계연월,통계시도명,통계시군구명,지원구분,지급건수,,통계연월,통계시도명,통계시군구명,지원구분,지급건수,,통계연월,통계시도명,통계시군구명,지원구분,지급건수,,통계연월,통계시도명,통계시군구명,지원구분,지급건수
통합,서울특별시,종로구,아동양육비,,,202503,서울특별시,종로구,아동양육비,225,,202502,서울특별시,종로구,아동양육비,217,,202412,서울특별시,종로구,아동양육비,245,,202501,서울특별시,종로구,아동양육비,219
통합,서울특별시,종로구,추가아동양육비,,,202503,서울특별시,종로구,추가아동양육비,23,,202502,서울특별시,종로구,추가아동양육비,24,,202412,서울특별시,종로구,추가아동양육비,24,,202501,서울특별시,종로구,추가아동양육비,24
통합,서울특별시,중구,아동양육비,,,202503,서울특별시,중구,아동양육비,217,,202502,서울특별시,중구,아동양육비,222,,202412,서울특별시,중구,아동양육비,245,,202501,서울특별시,중구,아동양육비,219
통합,서울특별시,중구,추가아동양육비,,,202503,서울특별시,중구,추가아동양육비,15,,202502,서울특별시,중구,추가아동양육비,13,,202412,서울특별시,중구,추가아동양육비,17,,202501,서울특별시,중구,추가아동양육비,16
통합,서울특별시,용산구,아동양육비,,,202503,서울특별시,용산구,아동양육비,366,,202502,서울특별시,용산구,아동양육비,366,,202412,서울특별시,용산구,아동양육비,400,,202501,서울특별시,용산구,아동양육비,367
통합,서울특별시,용산구,생활보조금,,,202503,서울특별시,용산구,생활보조금,5,,202502,서울특별시,용산구,생활보조금,5,,202412,서울특별시,용산구,생활보조금,5,,202501,서울특별시,용산구,생활보조금,5
통합,서울특별시,용산구,추가아동양육비,,,202503,서울특별시,용산구,추가아동양육비,44,,202502,서울특별시,용산구,추가아동양육비,47,,202412,서울특별시,용산구,추가아동양육비,43,,202501,서울특별시,용산구,추가아동양육비,44
통합,서울특별시,성동구,아동양육비,,,202503,서울특별시,성동구,아동양육비,474,,202502,서울특별시,성동구,아동양육비,466,,202412,서울특별시,성동구,아동양육비,514,,202501,서울특별시,성동구,아동양육비,465
통합,서울특별시,성동구,생활보조금,,,202503,서울특별시,성동구,생활보조금,8,,202502,서울특별시,성동구,생활보조금,8,,202412,서울특별시,성동구,생활보조금,8,,202501,서울특별시,성동구,생활보조금,8
통합,서울특별시,성동구,추가아동양육비,,,202503,서울특별시,성동구,추가아동양육비,32,,202502,서울특별시,성동구,추가아동양육비,31,,202412,서울특별시,성동구,추가아동양육비,32,,202501,서울특별시,성동구,추가아동양육비,33
통합,서울특별시,광진구,아동양육비,,,202503,서울특별시,광진구,아동양육비,910,,202502,서울특별시,광진구,아동양육비,899,,202412,서울특별시,성동구,학용품비,31,,202501,서울특별시,광진구,아동양육비,900
통합,서울특별시,광진구,추가아동양육비,,,202503,서울특별시,광진구,추가아동양육비,66,,202502,서울특별시,광진구,추가아동양육비,69,,202412,서울특별시,광진구,아동양육비,999,,202501,서울특별시,광진구,추가아동양육비,65
통합,서울특별시,동대문구,아동양육비,,,202503,서울특별시,동대문구,아동양육비,801,,202502,서울특별시,동대문구,아동양육비,815,,202412,서울특별시,광진구,추가아동양육비,67,,202501,서울특별시,동대문구,아동양육비,811
통합,서울특별시,동대문구,추가아동양육비,,,202503,서울특별시,동대문구,추가아동양육비,74,,202502,서울특별시,동대문구,추가아동양육비,77,,202412,서울특별시,동대문구,아동양육비,910,,202501,서울특별시,동대문구,추가아동양육비,80
통합,서울특별시,중랑구,아동양육비,,,202503,서울특별시,중랑구,아동양육비,1687,,202502,서울특별시,중랑구,아동양육비,1678,,202412,서울특별시,동대문구,추가아동양육비,84,,202501,서울특별시,중랑구,아동양육비,1681
통합,서울특별시,중랑구,추가아동양육비,,,202503,서울특별시,중랑구,추가아동양육비,220,,202502,서울특별시,중랑구,추가아동양육비,221,,202412,서울특별시,동대문구,학용품비,7,,202501,서울특별시,중랑구,추가아동양육비,222
통합,서울특별시,성북구,아동양육비,,,202503,서울특별시,성북구,아동양육비,1129,,202502,서울특별시,성북구,아동양육비,1112,,202412,서울특별시,중랑구,아동양육비,1856,,202501,서울특별시,성북구,아동양육비,1227
통합,서울특별시,성북구,생활보조금,,,202503,서울특별시,성북구,생활보조금,2,,202502,서울특별시,성북구,생활보조금,2,,202412,서울특별시,중랑구,추가아동양육비,221,,202501,서울특별시,성북구,생활보조금,2
통합,서울특별시,성북구,추가아동양육비,,,202503,서울특별시,성북구,추가아동양육비,124,,202502,서울특별시,성북구,추가아동양육비,122,,202412,서울특별시,성북구,아동양육비,1241,,202501,서울특별시,성북구,추가아동양육비,120
통합,서울특별시,강북구,아동양육비,,,202503,서울특별시,강북구,아동양육비,1370,,202502,서울특별시,강북구,아동양육비,1376,,202412,서울특별시,성북구,생활보조금,2,,202501,서울특별시,강북구,아동양육비,1361
통합,서울특별시,강북구,추가아동양육비,,,202503,서울특별시,강북구,추가아동양육비,153,,202502,서울특별시,강북구,추가아동양육비,148,,202412,서울특별시,성북구,추가아동양육비,118,,202501,서울특별시,강북구,추가아동양육비,147
통합,서울특별시,도봉구,아동양육비,,,202503,서울특별시,도봉구,아동양육비,1359,,202502,서울특별시,도봉구,아동양육비,1353,,202412,서울특별시,강북구,아동양육비,1526,,202501,서울특별시,도봉구,아동양육비,1346
통합,서울특별시,도봉구,추가아동양육비,,,202503,서울특별시,도봉구,추가아동양육비,125,,202502,서울특별시,도봉구,추가아동양육비,125,,202412,서울특별시,강북구,추가아동양육비,146,,202501,서울특별시,도봉구,추가아동양육비,127
통합,서울특별시,노원구,아동양육비,,,202503,서울특별시,노원구,아동양육비,1614,,202502,서울특별시,노원구,아동양육비,1597,,202412,서울특별시,강북구,학용품비,6,,202501,서울특별시,노원구,아동양육비,1586
통합,서울특별시,노원구,추가아동양육비,,,202503,서울특별시,노원구,추가아동양육비,141,,202502,서울특별시,노원구,추가아동양육비,145,,202412,서울특별시,도봉구,아동양육비,1476,,202501,서울특별시,노원구,추가아동양육비,146
통합,서울특별시,은평구,아동양육비,,,202503,서울특별시,은평구,아동양육비,1623,,202502,서울특별시,은평구,아동양육비,1614,,202412,서울특별시,도봉구,추가아동양육비,126,,202501,서울특별시,은평구,아동양육비,1592
통합,서울특별시,은평구,추가아동양육비,,,202503,서울특별시,은평구,추가아동양육비,174,,202502,서울특별시,은평구,추가아동양육비,177,,202412,서울특별시,도봉구,학용품비,12,,202501,서울특별시,은평구,추가아동양육비,173
통합,서울특별시,서대문구,아동양육비,,,202503,서울특별시,서대문구,아동양육비,631,,202502,서울특별시,서대문구,아동양육비,623,,202412,서울특별시,노원구,아동양육비,1766,,202501,서울특별시,서대문구,아동양육비,626
통합,서울특별시,서대문구,생활보조금,,,202503,서울특별시,서대문구,생활보조금,2,,202502,서울특별시,서대문구,생활보조금,2,,202412,서울특별시,노원구,추가아동양육비,144,,202501,서울특별시,서대문구,생활보조금,2
통합,서울특별시,서대문구,추가아동양육비,,,202503,서울특별시,서대문구,추가아동양육비,65,,202502,서울특별시,서대문구,추가아동양육비,63,,202412,서울특별시,은평구,아동양육비,1746,,202501,서울특별시,서대문구,추가아동양육비,64
통합,서울특별시,마포구,아동양육비,,,202503,서울특별시,마포구,아동양육비,522,,202502,서울특별시,마포구,아동양육비,521,,202412,서울특별시,은평구,추가아동양육비,172,,202501,서울특별시,마포구,아동양육비,527
통합,서울특별시,마포구,생활보조금,,,202503,서울특별시,마포구,생활보조금,1,,202502,서울특별시,마포구,생활보조금,1,,202412,서울특별시,서대문구,아동양육비,695,,202501,서울특별시,마포구,생활보조금,1
통합,서울특별시,마포구,추가아동양육비,,,202503,서울특별시,마포구,추가아동양육비,45,,202502,서울특별시,마포구,추가아동양육비,47,,202412,서울특별시,서대문구,생활보조금,2,,202501,서울특별시,마포구,추가아동양육비,50
통합,서울특별시,양천구,아동양육비,,,202503,서울특별시,양천구,아동양육비,1225,,202502,서울특별시,양천구,아동양육비,1194,,202412,서울특별시,서대문구,추가아동양육비,66,,202501,서울특별시,양천구,아동양육비,1190
통합,서울특별시,양천구,추가아동양육비,,,202503,서울특별시,양천구,추가아동양육비,122,,202502,서울특별시,양천구,추가아동양육비,117,,202412,서울특별시,마포구,아동양육비,590,,202501,서울특별시,양천구,추가아동양육비,119
통합,서울특별시,강서구,아동양육비,,,202503,서울특별시,강서구,아동양육비,1872,,202502,서울특별시,강서구,아동양육비,1856,,202412,서울특별시,마포구,생활보조금,1,,202501,서울특별시,강서구,아동양육비,1845
통합,서울특별시,강서구,추가아동양육비,,,202503,서울특별시,강서구,추가아동양육비,181,,202502,서울특별시,강서구,추가아동양육비,185,,202412,서울특별시,마포구,추가아동양육비,50,,202501,서울특별시,강서구,추가아동양육비,190
통합,서울특별시,구로구,아동양육비,,,202503,서울특별시,구로구,아동양육비,1234,,202502,서울특별시,구로구,아동양육비,1227,,202412,서울특별시,마포구,학용품비,7,,202501,서울특별시,구로구,아동양육비,1205
통합,서울특별시,구로구,생활보조금,,,202503,서울특별시,구로구,생활보조금,3,,202502,서울특별시,구로구,생활보조금,5,,202412,서울특별시,양천구,아동양육비,1321,,202501,서울특별시,구로구,생활보조금,4
통합,서울특별시,구로구,추가아동양육비,,,202503,서울특별시,구로구,추가아동양육비,135,,202502,서울특별시,구로구,추가아동양육비,133,,202412,서울특별시,양천구,추가아동양육비,125,,202501,서울특별시,구로구,추가아동양육비,134
통합,서울특별시,금천구,아동양육비,,,202503,서울특별시,금천구,아동양육비,935,,202502,서울특별시,금천구,아동양육비,926,,202412,서울특별시,강서구,아동양육비,2023,,202501,서울특별시,금천구,아동양육비,920
통합,서울특별시,금천구,추가아동양육비,,,202503,서울특별시,금천구,추가아동양육비,130,,202502,서울특별시,금천구,추가아동양육비,130,,202412,서울특별시,강서구,추가아동양육비,186,,202501,서울특별시,금천구,추가아동양육비,133
통합,서울특별시,영등포구,아동양육비,,,202503,서울특별시,영등포구,아동양육비,451,,202502,서울특별시,영등포구,아동양육비,458,,202412,서울특별시,구로구,아동양육비,1335,,202501,서울특별시,영등포구,아동양육비,457
통합,서울특별시,영등포구,추가아동양육비,,,202503,서울특별시,영등포구,추가아동양육비,37,,202502,서울특별시,영등포구,추가아동양육비,39,,202412,서울특별시,구로구,생활보조금,4,,202501,서울특별시,영등포구,추가아동양육비,41
통합,서울특별시,동작구,아동양육비,,,202503,서울특별시,동작구,아동양육비,610,,202502,서울특별시,동작구,아동양육비,604,,202412,서울특별시,구로구,추가아동양육비,133,,202501,서울특별시,동작구,아동양육비,596
통합,서울특별시,동작구,추가아동양육비,,,202503,서울특별시,동작구,추가아동양육비,57,,202502,서울특별시,동작구,추가아동양육비,54,,202412,서울특별시,구로구,학용품비,12,,202501,서울특별시,동작구,추가아동양육비,55
통합,서울특별시,관악구,아동양육비,,,202503,서울특별시,관악구,아동양육비,1157,,202502,서울특별시,관악구,아동양육비,1151,,202412,서울특별시,금천구,아동양육비,997,,202501,서울특별시,관악구,아동양육비,1140
통합,서울특별시,관악구,추가아동양육비,,,202503,서울특별시,관악구,추가아동양육비,105,,202502,서울특별시,관악구,추가아동양육비,106,,202412,서울특별시,금천구,추가아동양육비,134,,202501,서울특별시,관악구,추가아동양육비,106
통합,서울특별시,서초구,아동양육비,,,202503,서울특별시,서초구,아동양육비,442,,202502,서울특별시,서초구,아동양육비,435,,202412,서울특별시,금천구,학용품비,5,,202501,서울특별시,서초구,아동양육비,439
통합,서울특별시,서초구,추가아동양육비,,,202503,서울특별시,서초구,추가아동양육비,36,,202502,서울특별시,서초구,추가아동양육비,34,,202412,서울특별시,영등포구,아동양육비,503,,202501,서울특별시,서초구,추가아동양육비,33
통합,서울특별시,강남구,아동양육비,,,202503,서울특별시,강남구,아동양육비,648,,202502,서울특별시,강남구,아동양육비,636,,202412,서울특별시,영등포구,추가아동양육비,38,,202501,서울특별시,강남구,아동양육비,723
통합,서울특별시,강남구,추가아동양육비,,,202503,서울특별시,강남구,추가아동양육비,31,,202502,서울특별시,강남구,추가아동양육비,30,,202412,서울특별시,동작구,아동양육비,661,,202501,서울특별시,강남구,추가아동양육비,35
통합,서울특별시,송파구,아동양육비,,,202503,서울특별시,송파구,아동양육비,1263,,202502,서울특별시,송파구,아동양육비,1239,,202412,서울특별시,동작구,추가아동양육비,57,,202501,서울특별시,송파구,아동양육비,1228
통합,서울특별시,송파구,추가아동양육비,,,202503,서울특별시,송파구,추가아동양육비,112,,202502,서울특별시,송파구,추가아동양육비,110,,202412,서울특별시,관악구,아동양육비,1247,,202501,서울특별시,송파구,추가아동양육비,113
통합,서울특별시,강동구,아동양육비,,,202503,서울특별시,강동구,아동양육비,1166,,202502,서울특별시,강동구,아동양육비,1149,,202412,서울특별시,관악구,추가아동양육비,104,,202501,서울특별시,강동구,아동양육비,1123
통합,서울특별시,강동구,추가아동양육비,,,202503,서울특별시,강동구,추가아동양육비,122,,202502,서울특별시,강동구,추가아동양육비,122,,202412,서울특별시,관악구,학용품비,9,,202501,서울특별시,강동구,추가아동양육비,120
통합,부산광역시,중구,아동양육비,,,202503,부산광역시,중구,아동양육비,195,,202502,부산광역시,중구,아동양육비,190,,202412,서울특별시,서초구,아동양육비,460,,202501,부산광역시,중구,아동양육비,212
통합,부산광역시,중구,추가아동양육비,,,202503,부산광역시,중구,추가아동양육비,19,,202502,부산광역시,중구,추가아동양육비,19,,202412,서울특별시,서초구,추가아동양육비,35,,202501,부산광역시,중구,추가아동양육비,21
통합,부산광역시,서구,아동양육비,,,202503,부산광역시,서구,아동양육비,584,,202502,부산광역시,서구,아동양육비,592,,202412,서울특별시,강남구,아동양육비,710,,202501,부산광역시,서구,아동양육비,592
통합,부산광역시,서구,생활보조금,,,202503,부산광역시,서구,생활보조금,1,,202502,부산광역시,서구,생활보조금,1,,202412,서울특별시,강남구,추가아동양육비,32,,202501,부산광역시,서구,생활보조금,1
통합,부산광역시,서구,추가아동양육비,,,202503,부산광역시,서구,추가아동양육비,61,,202502,부산광역시,서구,추가아동양육비,63,,202412,서울특별시,송파구,아동양육비,1379,,202501,부산광역시,서구,추가아동양육비,64
통합,부산광역시,동구,아동양육비,,,202503,부산광역시,동구,아동양육비,468,,202502,부산광역시,동구,아동양육비,472,,202412,서울특별시,송파구,추가아동양육비,116,,202501,부산광역시,동구,아동양육비,473
통합,부산광역시,동구,추가아동양육비,,,202503,부산광역시,동구,추가아동양육비,37,,202502,부산광역시,동구,추가아동양육비,38,,202412,서울특별시,송파구,학용품비,12,,202501,부산광역시,동구,추가아동양육비,38
통합,부산광역시,영도구,아동양육비,,,202503,부산광역시,영도구,아동양육비,707,,202502,부산광역시,영도구,아동양육비,705,,202412,서울특별시,강동구,아동양육비,1239,,202501,부산광역시,영도구,아동양육비,696
통합,부산광역시,영도구,생활보조금,,,202503,부산광역시,영도구,생활보조금,1,,202502,부산광역시,영도구,생활보조금,1,,202412,서울특별시,강동구,추가아동양육비,122,,202501,부산광역시,영도구,생활보조금,1
통합,부산광역시,영도구,추가아동양육비,,,202503,부산광역시,영도구,추가아동양육비,73,,202502,부산광역시,영도구,추가아동양육비,71,,202412,서울특별시,강동구,학용품비,5,,202501,부산광역시,영도구,추가아동양육비,70
통합,부산광역시,부산진구,아동양육비,,,202503,부산광역시,부산진구,아동양육비,1545,,202502,부산광역시,부산진구,아동양육비,1532,,202412,부산광역시,중구,아동양육비,216,,202501,부산광역시,부산진구,아동양육비,1533
통합,부산광역시,부산진구,추가아동양육비,,,202503,부산광역시,부산진구,추가아동양육비,126,,202502,부산광역시,부산진구,추가아동양육비,134,,202412,부산광역시,중구,추가아동양육비,21,,202501,부산광역시,부산진구,추가아동양육비,130
통합,부산광역시,동래구,아동양육비,,,202503,부산광역시,동래구,아동양육비,1025,,202502,부산광역시,동래구,아동양육비,1015,,202412,부산광역시,서구,아동양육비,644,,202501,부산광역시,동래구,아동양육비,996
통합,부산광역시,동래구,추가아동양육비,,,202503,부산광역시,동래구,추가아동양육비,78,,202502,부산광역시,동래구,추가아동양육비,84,,202412,부산광역시,서구,생활보조금,2,,202501,부산광역시,동래구,추가아동양육비,83
통합,부산광역시,남구,아동양육비,,,202503,부산광역시,남구,아동양육비,912,,202502,부산광역시,남구,아동양육비,911,,202412,부산광역시,서구,추가아동양육비,65,,202501,부산광역시,남구,아동양육비,910
통합,부산광역시,남구,추가아동양육비,,,202503,부산광역시,남구,추가아동양육비,94,,202502,부산광역시,남구,추가아동양육비,92,,202412,부산광역시,동구,아동양육비,527,,202501,부산광역시,남구,추가아동양육비,91
통합,부산광역시,북구,아동양육비,,,202503,부산광역시,북구,아동양육비,1502,,202502,부산광역시,북구,아동양육비,1507,,202412,부산광역시,동구,추가아동양육비,37,,202501,부산광역시,북구,아동양육비,1501
통합,부산광역시,북구,추가아동양육비,,,202503,부산광역시,북구,추가아동양육비,164,,202502,부산광역시,북구,추가아동양육비,164,,202412,부산광역시,동구,학용품비,6,,202501,부산광역시,북구,추가아동양육비,163
통합,부산광역시,해운대구,아동양육비,,,202503,부산광역시,해운대구,아동양육비,1583,,202502,부산광역시,해운대구,아동양육비,1583,,202412,부산광역시,영도구,아동양육비,765,,202501,부산광역시,해운대구,아동양육비,1576
통합,부산광역시,해운대구,추가아동양육비,,,202503,부산광역시,해운대구,추가아동양육비,122,,202502,부산광역시,해운대구,추가아동양육비,120,,202412,부산광역시,영도구,생활보조금,1,,202501,부산광역시,해운대구,추가아동양육비,118
통합,부산광역시,사하구,아동양육비,,,202503,부산광역시,사하구,아동양육비,1965,,202502,부산광역시,사하구,아동양육비,1924,,202412,부산광역시,영도구,추가아동양육비,74,,202501,부산광역시,사하구,아동양육비,1917
통합,부산광역시,사하구,생활보조금,,,202503,부산광역시,사하구,생활보조금,2,,202502,부산광역시,사하구,생활보조금,2,,202412,부산광역시,영도구,학용품비,6,,202501,부산광역시,사하구,생활보조금,2
통합,부산광역시,사하구,추가아동양육비,,,202503,부산광역시,사하구,추가아동양육비,219,,202502,부산광역시,사하구,추가아동양육비,212,,202412,부산광역시,부산진구,아동양육비,1655,,202501,부산광역시,사하구,추가아동양육비,215
통합,부산광역시,금정구,아동양육비,,,202503,부산광역시,금정구,아동양육비,803,,202502,부산광역시,금정구,아동양육비,799,,202412,부산광역시,부산진구,추가아동양육비,130,,202501,부산광역시,금정구,아동양육비,799
통합,부산광역시,금정구,추가아동양육비,,,202503,부산광역시,금정구,추가아동양육비,92,,202502,부산광역시,금정구,추가아동양육비,91,,202412,부산광역시,부산진구,학용품비,31,,202501,부산광역시,금정구,추가아동양육비,89
통합,부산광역시,강서구,아동양육비,,,202503,부산광역시,강서구,아동양육비,652,,202502,부산광역시,강서구,아동양육비,669,,202412,부산광역시,동래구,아동양육비,1085,,202501,부산광역시,강서구,아동양육비,664
통합,부산광역시,강서구,추가아동양육비,,,202503,부산광역시,강서구,추가아동양육비,64,,202502,부산광역시,강서구,추가아동양육비,64,,202412,부산광역시,동래구,추가아동양육비,84,,202501,부산광역시,강서구,추가아동양육비,61
통합,부산광역시,연제구,아동양육비,,,202503,부산광역시,연제구,아동양육비,923,,202502,부산광역시,연제구,아동양육비,922,,202412,부산광역시,남구,아동양육비,984,,202501,부산광역시,연제구,아동양육비,933
통합,부산광역시,연제구,생활보조금,,,202503,부산광역시,연제구,생활보조금,2,,202502,부산광역시,연제구,생활보조금,2,,202412,부산광역시,남구,추가아동양육비,94,,202501,부산광역시,연제구,생활보조금,2
통합,부산광역시,연제구,추가아동양육비,,,202503,부산광역시,연제구,추가아동양육비,94,,202502,부산광역시,연제구,추가아동양육비,94,,202412,부산광역시,남구,학용품비,8,,202501,부산광역시,연제구,추가아동양육비,99
통합,부산광역시,수영구,아동양육비,,,202503,부산광역시,수영구,아동양육비,721,,202502,부산광역시,수영구,아동양육비,722,,202412,부산광역시,북구,아동양육비,1631,,202501,부산광역시,수영구,아동양육비,710
통합,부산광역시,수영구,추가아동양육비,,,202503,부산광역시,수영구,추가아동양육비,75,,202502,부산광역시,수영구,추가아동양육비,80,,202412,부산광역시,북구,추가아동양육비,169,,202501,부산광역시,수영구,추가아동양육비,81
통합,부산광역시,사상구,아동양육비,,,202503,부산광역시,사상구,아동양육비,1041,,202502,부산광역시,사상구,아동양육비,1019,,202412,부산광역시,북구,학용품비,9,,202501,부산광역시,사상구,아동양육비,1015
통합,부산광역시,사상구,추가아동양육비,,,202503,부산광역시,사상구,추가아동양육비,115,,202502,부산광역시,사상구,추가아동양육비,112,,202412,부산광역시,해운대구,아동양육비,1712,,202501,부산광역시,사상구,추가아동양육비,114
통합,부산광역시,기장군,아동양육비,,,202503,부산광역시,기장군,아동양육비,1268,,202502,부산광역시,기장군,아동양육비,1258,,202412,부산광역시,해운대구,추가아동양육비,120,,202501,부산광역시,기장군,아동양육비,1240
통합,부산광역시,기장군,추가아동양육비,,,202503,부산광역시,기장군,추가아동양육비,86,,202502,부산광역시,기장군,추가아동양육비,86,,202412,부산광역시,사하구,아동양육비,2111,,202501,부산광역시,기장군,추가아동양육비,90
통합,대구광역시,중구,아동양육비,,,202503,대구광역시,중구,아동양육비,315,,202502,대구광역시,중구,아동양육비,305,,202412,부산광역시,사하구,생활보조금,1,,202501,부산광역시,기장군,학용품비,1
통합,대구광역시,중구,생활보조금,,,202503,대구광역시,중구,생활보조금,2,,202502,대구광역시,중구,생활보조금,2,,202412,부산광역시,사하구,추가아동양육비,219,,202501,대구광역시,중구,아동양육비,303
통합,대구광역시,중구,추가아동양육비,,,202503,대구광역시,중구,추가아동양육비,36,,202502,대구광역시,중구,추가아동양육비,34,,202412,부산광역시,사하구,학용품비,7,,202501,대구광역시,중구,생활보조금,2
통합,대구광역시,동구,아동양육비,,,202503,대구광역시,동구,아동양육비,1612,,202502,대구광역시,동구,아동양육비,1608,,202412,부산광역시,금정구,아동양육비,891,,202501,대구광역시,중구,추가아동양육비,32
통합,대구광역시,동구,추가아동양육비,,,202503,대구광역시,동구,추가아동양육비,152,,202502,대구광역시,동구,추가아동양육비,156,,202412,부산광역시,금정구,추가아동양육비,90,,202501,대구광역시,동구,아동양육비,1591
통합,대구광역시,서구,아동양육비,,,202503,대구광역시,서구,아동양육비,1106,,202502,대구광역시,서구,아동양육비,1098,,202412,부산광역시,금정구,학용품비,2,,202501,대구광역시,동구,추가아동양육비,157
통합,대구광역시,서구,생활보조금,,,202503,대구광역시,서구,생활보조금,2,,202502,대구광역시,서구,생활보조금,2,,202412,부산광역시,강서구,아동양육비,688,,202501,대구광역시,서구,아동양육비,1101
통합,대구광역시,서구,추가아동양육비,,,202503,대구광역시,서구,추가아동양육비,119,,202502,대구광역시,서구,추가아동양육비,118,,202412,부산광역시,강서구,추가아동양육비,64,,202501,대구광역시,서구,생활보조금,1
통합,대구광역시,남구,아동양육비,,,202503,대구광역시,남구,아동양육비,1009,,202502,대구광역시,남구,아동양육비,984,,202412,부산광역시,연제구,아동양육비,996,,202501,대구광역시,서구,추가아동양육비,121
통합,대구광역시,남구,추가아동양육비,,,202503,대구광역시,남구,추가아동양육비,109,,202502,대구광역시,남구,추가아동양육비,115,,202412,부산광역시,연제구,생활보조금,2,,202501,대구광역시,남구,아동양육비,978
통합,대구광역시,북구,아동양육비,,,202503,대구광역시,북구,아동양육비,2134,,202502,대구광역시,북구,아동양육비,2120,,202412,부산광역시,연제구,추가아동양육비,100,,202501,대구광역시,남구,추가아동양육비,116
통합,대구광역시,북구,추가아동양육비,,,202503,대구광역시,북구,추가아동양육비,202,,202502,대구광역시,북구,추가아동양육비,203,,202412,부산광역시,수영구,아동양육비,763,,202501,대구광역시,북구,아동양육비,2097
통합,대구광역시,수성구,아동양육비,,,202503,대구광역시,수성구,아동양육비,1504,,202502,대구광역시,수성구,아동양육비,1495,,202412,부산광역시,수영구,추가아동양육비,79,,202501,대구광역시,북구,추가아동양육비,195
통합,대구광역시,수성구,추가아동양육비,,,202503,대구광역시,수성구,추가아동양육비,133,,202502,대구광역시,수성구,추가아동양육비,133,,202412,부산광역시,사상구,아동양육비,1112,,202501,대구광역시,수성구,아동양육비,1460
통합,대구광역시,달서구,아동양육비,,,202503,대구광역시,달서구,아동양육비,2500,,202502,대구광역시,달서구,아동양육비,2488,,202412,부산광역시,사상구,추가아동양육비,118,,202501,대구광역시,수성구,추가아동양육비,122
통합,대구광역시,달서구,생활보조금,,,202503,대구광역시,달서구,생활보조금,5,,202502,대구광역시,달서구,생활보조금,4,,202412,부산광역시,사상구,학용품비,9,,202501,대구광역시,달서구,아동양육비,2458
통합,대구광역시,달서구,추가아동양육비,,,202503,대구광역시,달서구,추가아동양육비,282,,202502,대구광역시,달서구,추가아동양육비,281,,202412,부산광역시,기장군,아동양육비,1338,,202501,대구광역시,달서구,생활보조금,3
통합,대구광역시,달성군,아동양육비,,,202503,대구광역시,달성군,아동양육비,1563,,202502,대구광역시,달성군,아동양육비,1545,,202412,부산광역시,기장군,추가아동양육비,89,,202501,대구광역시,달서구,추가아동양육비,275
통합,대구광역시,달성군,추가아동양육비,,,202503,대구광역시,달성군,추가아동양육비,167,,202502,대구광역시,달성군,추가아동양육비,175,,202412,대구광역시,중구,아동양육비,322,,202501,대구광역시,달성군,아동양육비,1540
통합,대구광역시,군위군,아동양육비,,,202503,대구광역시,군위군,아동양육비,60,,202502,대구광역시,군위군,아동양육비,60,,202412,대구광역시,중구,생활보조금,1,,202501,대구광역시,달성군,추가아동양육비,177
통합,대구광역시,군위군,추가아동양육비,,,202503,대구광역시,군위군,추가아동양육비,8,,202502,대구광역시,군위군,추가아동양육비,8,,202412,대구광역시,중구,추가아동양육비,32,,202501,대구광역시,군위군,아동양육비,60
통합,인천광역시,중구,아동양육비,,,202503,인천광역시,중구,아동양육비,815,,202502,인천광역시,중구,아동양육비,796,,202412,대구광역시,동구,아동양육비,1699,,202501,대구광역시,군위군,추가아동양육비,8
통합,인천광역시,중구,추가아동양육비,,,202503,인천광역시,중구,추가아동양육비,103,,202502,인천광역시,중구,추가아동양육비,97,,202412,대구광역시,동구,추가아동양육비,163,,202501,인천광역시,중구,아동양육비,863
통합,인천광역시,동구,아동양육비,,,202503,인천광역시,동구,아동양육비,300,,202502,인천광역시,동구,아동양육비,301,,202412,대구광역시,서구,아동양육비,1192,,202501,인천광역시,중구,추가아동양육비,102
통합,인천광역시,동구,추가아동양육비,,,202503,인천광역시,동구,추가아동양육비,37,,202502,인천광역시,동구,추가아동양육비,36,,202412,대구광역시,서구,생활보조금,1,,202501,인천광역시,동구,아동양육비,301
통합,인천광역시,미추홀구,아동양육비,,,202503,인천광역시,미추홀구,아동양육비,3340,,202502,인천광역시,미추홀구,아동양육비,3304,,202412,대구광역시,서구,추가아동양육비,122,,202501,인천광역시,동구,추가아동양육비,36
통합,인천광역시,미추홀구,생활보조금,,,202503,인천광역시,미추홀구,생활보조금,1,,202502,인천광역시,미추홀구,생활보조금,1,,202412,대구광역시,남구,아동양육비,1083,,202501,인천광역시,미추홀구,아동양육비,3265
통합,인천광역시,미추홀구,추가아동양육비,,,202503,인천광역시,미추홀구,추가아동양육비,537,,202502,인천광역시,미추홀구,추가아동양육비,538,,202412,대구광역시,남구,추가아동양육비,117,,202501,인천광역시,미추홀구,생활보조금,1
통합,인천광역시,연수구,아동양육비,,,202503,인천광역시,연수구,아동양육비,1139,,202502,인천광역시,연수구,아동양육비,1117,,202412,대구광역시,남구,학용품비,6,,202501,인천광역시,미추홀구,추가아동양육비,539
통합,인천광역시,연수구,생활보조금,,,202503,인천광역시,연수구,생활보조금,4,,202502,인천광역시,연수구,생활보조금,4,,202412,대구광역시,북구,아동양육비,2311,,202501,인천광역시,연수구,아동양육비,1083
통합,인천광역시,연수구,추가아동양육비,,,202503,인천광역시,연수구,추가아동양육비,157,,202502,인천광역시,연수구,추가아동양육비,155,,202412,대구광역시,북구,추가아동양육비,201,,202501,인천광역시,연수구,생활보조금,4
통합,인천광역시,남동구,아동양육비,,,202503,인천광역시,남동구,아동양육비,3613,,202502,인천광역시,남동구,아동양육비,3596,,202412,대구광역시,북구,학용품비,7,,202501,인천광역시,연수구,추가아동양육비,150
통합,인천광역시,남동구,생활보조금,,,202503,인천광역시,남동구,생활보조금,8,,202502,인천광역시,남동구,생활보조금,9,,202412,대구광역시,수성구,아동양육비,1608,,202501,인천광역시,남동구,아동양육비,3561
통합,인천광역시,남동구,추가아동양육비,,,202503,인천광역시,남동구,추가아동양육비,548,,202502,인천광역시,남동구,추가아동양육비,549,,202412,대구광역시,수성구,추가아동양육비,123,,202501,인천광역시,남동구,생활보조금,10
통합,인천광역시,부평구,아동양육비,,,202503,인천광역시,부평구,아동양육비,2603,,202502,인천광역시,부평구,아동양육비,2533,,202412,대구광역시,수성구,학용품비,2,,202501,인천광역시,남동구,추가아동양육비,540
통합,인천광역시,부평구,추가아동양육비,,,202503,인천광역시,부평구,추가아동양육비,369,,202502,인천광역시,부평구,추가아동양육비,359,,202412,대구광역시,달서구,아동양육비,2662,,202501,인천광역시,부평구,아동양육비,2553
통합,인천광역시,계양구,아동양육비,,,202503,인천광역시,계양구,아동양육비,1671,,202502,인천광역시,계양구,아동양육비,1669,,202412,대구광역시,달서구,생활보조금,3,,202501,인천광역시,부평구,추가아동양육비,365
통합,인천광역시,계양구,추가아동양육비,,,202503,인천광역시,계양구,추가아동양육비,197,,202502,인천광역시,계양구,추가아동양육비,199,,202412,대구광역시,달서구,추가아동양육비,286,,202501,인천광역시,계양구,아동양육비,1641
통합,인천광역시,서구,아동양육비,,,202503,인천광역시,서구,아동양육비,3615,,202502,인천광역시,서구,아동양육비,3592,,202412,대구광역시,달서구,학용품비,9,,202501,인천광역시,계양구,추가아동양육비,201
통합,인천광역시,서구,추가아동양육비,,,202503,인천광역시,서구,추가아동양육비,459,,202502,인천광역시,서구,추가아동양육비,455,,202412,대구광역시,달성군,아동양육비,1629,,202501,인천광역시,서구,아동양육비,3553
통합,인천광역시,강화군,아동양육비,,,202503,인천광역시,강화군,아동양육비,275,,202502,인천광역시,강화군,아동양육비,279,,202412,대구광역시,달성군,추가아동양육비,176,,202501,인천광역시,서구,추가아동양육비,465
통합,인천광역시,강화군,추가아동양육비,,,202503,인천광역시,강화군,추가아동양육비,26,,202502,인천광역시,강화군,추가아동양육비,26,,202412,대구광역시,달성군,학용품비,11,,202501,인천광역시,강화군,아동양육비,277
통합,인천광역시,옹진군,아동양육비,,,202503,인천광역시,옹진군,아동양육비,35,,202502,인천광역시,옹진군,아동양육비,33,,202412,대구광역시,군위군,아동양육비,63,,202501,인천광역시,강화군,추가아동양육비,27
통합,인천광역시,옹진군,추가아동양육비,,,202503,인천광역시,옹진군,추가아동양육비,2,,202502,인천광역시,옹진군,추가아동양육비,2,,202412,대구광역시,군위군,추가아동양육비,8,,202501,인천광역시,옹진군,아동양육비,33
통합,광주광역시,동구,아동양육비,,,202503,광주광역시,동구,아동양육비,349,,202502,광주광역시,동구,아동양육비,337,,202412,인천광역시,중구,아동양육비,838,,202501,인천광역시,옹진군,추가아동양육비,2
통합,광주광역시,동구,추가아동양육비,,,202503,광주광역시,동구,추가아동양육비,39,,202502,광주광역시,동구,추가아동양육비,39,,202412,인천광역시,중구,추가아동양육비,100,,202501,광주광역시,동구,아동양육비,337
통합,광주광역시,서구,아동양육비,,,202503,광주광역시,서구,아동양육비,1748,,202502,광주광역시,서구,아동양육비,1745,,202412,인천광역시,동구,아동양육비,324,,202501,광주광역시,동구,추가아동양육비,36
통합,광주광역시,서구,추가아동양육비,,,202503,광주광역시,서구,추가아동양육비,204,,202502,광주광역시,서구,추가아동양육비,208,,202412,인천광역시,동구,추가아동양육비,37,,202501,광주광역시,서구,아동양육비,1715
통합,광주광역시,남구,아동양육비,,,202503,광주광역시,남구,아동양육비,1462,,202502,광주광역시,남구,아동양육비,1432,,202412,인천광역시,미추홀구,아동양육비,3509,,202501,광주광역시,서구,추가아동양육비,204
통합,광주광역시,남구,생활보조금,,,202503,광주광역시,남구,생활보조금,3,,202502,광주광역시,남구,생활보조금,2,,202412,인천광역시,미추홀구,생활보조금,1,,202501,광주광역시,남구,아동양육비,1423
통합,광주광역시,남구,추가아동양육비,,,202503,광주광역시,남구,추가아동양육비,164,,202502,광주광역시,남구,추가아동양육비,156,,202412,인천광역시,미추홀구,추가아동양육비,545,,202501,광주광역시,남구,생활보조금,2
통합,광주광역시,북구,아동양육비,,,202503,광주광역시,북구,아동양육비,3049,,202502,광주광역시,북구,아동양육비,3021,,202412,인천광역시,연수구,아동양육비,1165,,202501,광주광역시,남구,추가아동양육비,154
통합,광주광역시,북구,추가아동양육비,,,202503,광주광역시,북구,추가아동양육비,346,,202502,광주광역시,북구,추가아동양육비,340,,202412,인천광역시,연수구,생활보조금,4,,202501,광주광역시,북구,아동양육비,3033
통합,광주광역시,광산구,아동양육비,,,202503,광주광역시,광산구,아동양육비,3132,,202502,광주광역시,광산구,아동양육비,3114,,202412,인천광역시,연수구,추가아동양육비,153,,202501,광주광역시,북구,추가아동양육비,343
통합,광주광역시,광산구,생활보조금,,,202503,광주광역시,광산구,생활보조금,1,,202502,광주광역시,광산구,생활보조금,1,,202412,인천광역시,연수구,학용품비,9,,202501,광주광역시,광산구,아동양육비,3088
통합,광주광역시,광산구,추가아동양육비,,,202503,광주광역시,광산구,추가아동양육비,408,,202502,광주광역시,광산구,추가아동양육비,416,,202412,인천광역시,남동구,아동양육비,3868,,202501,광주광역시,광산구,생활보조금,1
통합,대전광역시,동구,아동양육비,,,202503,대전광역시,동구,아동양육비,1493,,202502,대전광역시,동구,아동양육비,1496,,202412,인천광역시,남동구,생활보조금,10,,202501,광주광역시,광산구,추가아동양육비,428
통합,대전광역시,동구,추가아동양육비,,,202503,대전광역시,동구,추가아동양육비,170,,202502,대전광역시,동구,추가아동양육비,177,,202412,인천광역시,남동구,추가아동양육비,551,,202501,대전광역시,동구,아동양육비,1500
통합,대전광역시,중구,아동양육비,,,202503,대전광역시,중구,아동양육비,1264,,202502,대전광역시,중구,아동양육비,1301,,202412,인천광역시,남동구,학용품비,14,,202501,대전광역시,동구,추가아동양육비,178
통합,대전광역시,중구,생활보조금,,,202503,대전광역시,중구,생활보조금,1,,202502,대전광역시,중구,생활보조금,1,,202412,인천광역시,부평구,아동양육비,2797,,202501,대전광역시,중구,아동양육비,1298
통합,대전광역시,중구,추가아동양육비,,,202503,대전광역시,중구,추가아동양육비,173,,202502,대전광역시,중구,추가아동양육비,170,,202412,인천광역시,부평구,추가아동양육비,366,,202501,대전광역시,중구,생활보조금,1
통합,대전광역시,서구,아동양육비,,,202503,대전광역시,서구,아동양육비,2329,,202502,대전광역시,서구,아동양육비,2317,,202412,인천광역시,부평구,학용품비,15,,202501,대전광역시,중구,추가아동양육비,168
통합,대전광역시,서구,추가아동양육비,,,202503,대전광역시,서구,추가아동양육비,385,,202502,대전광역시,서구,추가아동양육비,382,,202412,인천광역시,계양구,아동양육비,1789,,202501,대전광역시,서구,아동양육비,2290
통합,대전광역시,유성구,아동양육비,,,202503,대전광역시,유성구,아동양육비,1255,,202502,대전광역시,유성구,아동양육비,1238,,202412,인천광역시,계양구,추가아동양육비,201,,202501,대전광역시,서구,추가아동양육비,380
통합,대전광역시,유성구,추가아동양육비,,,202503,대전광역시,유성구,추가아동양육비,170,,202502,대전광역시,유성구,추가아동양육비,170,,202412,인천광역시,서구,아동양육비,3851,,202501,대전광역시,유성구,아동양육비,1226
통합,대전광역시,대덕구,아동양육비,,,202503,대전광역시,대덕구,아동양육비,1125,,202502,대전광역시,대덕구,아동양육비,1107,,202412,인천광역시,서구,추가아동양육비,469,,202501,대전광역시,유성구,추가아동양육비,166
통합,대전광역시,대덕구,추가아동양육비,,,202503,대전광역시,대덕구,추가아동양육비,135,,202502,대전광역시,대덕구,추가아동양육비,130,,202412,인천광역시,서구,학용품비,4,,202501,대전광역시,대덕구,아동양육비,1107
통합,울산광역시,중구,아동양육비,,,202503,울산광역시,중구,아동양육비,1057,,202502,울산광역시,중구,아동양육비,1049,,202412,인천광역시,강화군,아동양육비,307,,202501,대전광역시,대덕구,추가아동양육비,128
통합,울산광역시,중구,생활보조금,,,202503,울산광역시,중구,생활보조금,10,,202502,울산광역시,중구,생활보조금,10,,202412,인천광역시,강화군,추가아동양육비,28,,202501,울산광역시,중구,아동양육비,1057
통합,울산광역시,중구,추가아동양육비,,,202503,울산광역시,중구,추가아동양육비,104,,202502,울산광역시,중구,추가아동양육비,108,,202412,인천광역시,옹진군,아동양육비,36,,202501,울산광역시,중구,생활보조금,8
통합,울산광역시,남구,아동양육비,,,202503,울산광역시,남구,아동양육비,1263,,202502,울산광역시,남구,아동양육비,1255,,202412,인천광역시,옹진군,추가아동양육비,2,,202501,울산광역시,중구,추가아동양육비,109
통합,울산광역시,남구,추가아동양육비,,,202503,울산광역시,남구,추가아동양육비,141,,202502,울산광역시,남구,추가아동양육비,143,,202412,광주광역시,동구,아동양육비,366,,202501,울산광역시,남구,아동양육비,1234
통합,울산광역시,동구,아동양육비,,,202503,울산광역시,동구,아동양육비,972,,202502,울산광역시,동구,아동양육비,978,,202412,광주광역시,동구,추가아동양육비,34,,202501,울산광역시,남구,추가아동양육비,137
통합,울산광역시,동구,추가아동양육비,,,202503,울산광역시,동구,추가아동양육비,122,,202502,울산광역시,동구,추가아동양육비,124,,202412,광주광역시,서구,아동양육비,1885,,202501,울산광역시,동구,아동양육비,958
통합,울산광역시,북구,아동양육비,,,202503,울산광역시,북구,아동양육비,1102,,202502,울산광역시,북구,아동양육비,1089,,202412,광주광역시,서구,추가아동양육비,205,,202501,울산광역시,동구,추가아동양육비,120
통합,울산광역시,북구,추가아동양육비,,,202503,울산광역시,북구,추가아동양육비,108,,202502,울산광역시,북구,추가아동양육비,106,,202412,광주광역시,남구,아동양육비,1550,,202501,울산광역시,북구,아동양육비,1092
통합,울산광역시,울주군,아동양육비,,,202503,울산광역시,울주군,아동양육비,1109,,202502,울산광역시,울주군,아동양육비,1089,,202412,광주광역시,남구,생활보조금,2,,202501,울산광역시,북구,추가아동양육비,108
통합,울산광역시,울주군,생활보조금,,,202503,울산광역시,울주군,생활보조금,1,,202502,울산광역시,울주군,생활보조금,2,,202412,광주광역시,남구,추가아동양육비,161,,202501,울산광역시,울주군,아동양육비,1079
통합,울산광역시,울주군,추가아동양육비,,,202503,울산광역시,울주군,추가아동양육비,82,,202502,울산광역시,울주군,추가아동양육비,85,,202412,광주광역시,북구,아동양육비,3269,,202501,울산광역시,울주군,생활보조금,1
통합,세종특별자치시,세종특별자치시,아동양육비,,,202503,세종특별자치시,세종특별자치시,아동양육비,1285,,202502,세종특별자치시,세종특별자치시,아동양육비,1271,,202412,광주광역시,북구,추가아동양육비,347,,202501,울산광역시,울주군,추가아동양육비,87
통합,세종특별자치시,세종특별자치시,추가아동양육비,,,202503,세종특별자치시,세종특별자치시,추가아동양육비,132,,202502,세종특별자치시,세종특별자치시,추가아동양육비,132,,202412,광주광역시,광산구,아동양육비,3301,,202501,세종특별자치시,세종특별자치시,아동양육비,1255
통합,경기도,수원시,아동양육비,,,202503,경기도,수원시,아동양육비,2835,,202502,경기도,수원시,아동양육비,2813,,202412,광주광역시,광산구,생활보조금,1,,202501,세종특별자치시,세종특별자치시,추가아동양육비,129
통합,경기도,수원시,생활보조금,,,202503,경기도,수원시,생활보조금,2,,202502,경기도,수원시,생활보조금,4,,202412,광주광역시,광산구,추가아동양육비,428,,202501,경기도,수원시,아동양육비,2787
통합,경기도,수원시,추가아동양육비,,,202503,경기도,수원시,추가아동양육비,341,,202502,경기도,수원시,추가아동양육비,347,,202412,광주광역시,광산구,학용품비,62,,202501,경기도,수원시,생활보조금,4
통합,경기도,성남시,아동양육비,,,202503,경기도,성남시,아동양육비,2569,,202502,경기도,성남시,아동양육비,2554,,202412,대전광역시,동구,아동양육비,1630,,202501,경기도,수원시,추가아동양육비,350
통합,경기도,성남시,추가아동양육비,,,202503,경기도,성남시,추가아동양육비,303,,202502,경기도,성남시,추가아동양육비,319,,202412,대전광역시,동구,추가아동양육비,183,,202501,경기도,성남시,아동양육비,2515
통합,경기도,의정부시,아동양육비,,,202503,경기도,의정부시,아동양육비,2550,,202502,경기도,의정부시,아동양육비,2536,,202412,대전광역시,중구,아동양육비,1365,,202501,경기도,성남시,추가아동양육비,311
통합,경기도,의정부시,추가아동양육비,,,202503,경기도,의정부시,추가아동양육비,316,,202502,경기도,의정부시,추가아동양육비,318,,202412,대전광역시,중구,생활보조금,1,,202501,경기도,의정부시,아동양육비,2501
통합,경기도,안양시,아동양육비,,,202503,경기도,안양시,아동양육비,1218,,202502,경기도,의정부시,학용품비,1,,202412,대전광역시,중구,추가아동양육비,172,,202501,경기도,의정부시,추가아동양육비,316
통합,경기도,안양시,추가아동양육비,,,202503,경기도,안양시,추가아동양육비,143,,202502,경기도,안양시,아동양육비,1213,,202412,대전광역시,서구,아동양육비,2470,,202501,경기도,의정부시,학용품비,1
통합,경기도,부천시,아동양육비,,,202503,경기도,부천시,아동양육비,2826,,202502,경기도,안양시,추가아동양육비,141,,202412,대전광역시,서구,추가아동양육비,384,,202501,경기도,안양시,아동양육비,1207
통합,경기도,부천시,생활보조금,,,202503,경기도,부천시,생활보조금,2,,202502,경기도,부천시,아동양육비,2823,,202412,대전광역시,유성구,아동양육비,1335,,202501,경기도,안양시,추가아동양육비,147
통합,경기도,부천시,추가아동양육비,,,202503,경기도,부천시,추가아동양육비,326,,202502,경기도,부천시,생활보조금,2,,202412,대전광역시,유성구,추가아동양육비,173,,202501,경기도,부천시,아동양육비,2770
통합,경기도,광명시,아동양육비,,,202503,경기도,광명시,아동양육비,812,,202502,경기도,부천시,추가아동양육비,335,,202412,대전광역시,대덕구,아동양육비,1226,,202501,경기도,부천시,생활보조금,2
통합,경기도,광명시,추가아동양육비,,,202503,경기도,광명시,추가아동양육비,93,,202502,경기도,광명시,아동양육비,799,,202412,대전광역시,대덕구,추가아동양육비,129,,202501,경기도,부천시,추가아동양육비,324
통합,경기도,평택시,아동양육비,,,202503,경기도,평택시,아동양육비,2808,,202502,경기도,광명시,추가아동양육비,93,,202412,울산광역시,중구,아동양육비,1159,,202501,경기도,광명시,아동양육비,793
통합,경기도,평택시,추가아동양육비,,,202503,경기도,평택시,추가아동양육비,459,,202502,경기도,평택시,아동양육비,2811,,202412,울산광역시,중구,생활보조금,8,,202501,경기도,광명시,추가아동양육비,95
통합,경기도,동두천시,아동양육비,,,202503,경기도,동두천시,아동양육비,891,,202502,경기도,평택시,추가아동양육비,457,,202412,울산광역시,중구,추가아동양육비,113,,202501,경기도,평택시,아동양육비,2779
통합,경기도,동두천시,추가아동양육비,,,202503,경기도,동두천시,추가아동양육비,121,,202502,경기도,동두천시,아동양육비,885,,202412,울산광역시,중구,학용품비,16,,202501,경기도,평택시,추가아동양육비,442
통합,경기도,안산시,아동양육비,,,202503,경기도,안산시,아동양육비,4008,,202502,경기도,동두천시,추가아동양육비,117,,202412,울산광역시,남구,아동양육비,1337,,202501,경기도,동두천시,아동양육비,867
통합,경기도,안산시,생활보조금,,,202503,경기도,안산시,생활보조금,2,,202502,경기도,안산시,아동양육비,3977,,202412,울산광역시,남구,추가아동양육비,140,,202501,경기도,동두천시,추가아동양육비,125
통합,경기도,안산시,추가아동양육비,,,202503,경기도,안산시,추가아동양육비,610,,202502,경기도,안산시,생활보조금,2,,202412,울산광역시,남구,학용품비,25,,202501,경기도,안산시,아동양육비,3930
통합,경기도,고양시,아동양육비,,,202503,경기도,고양시,아동양육비,3015,,202502,경기도,안산시,추가아동양육비,593,,202412,울산광역시,동구,아동양육비,1028,,202501,경기도,안산시,생활보조금,2
통합,경기도,고양시,추가아동양육비,,,202503,경기도,고양시,추가아동양육비,333,,202502,경기도,고양시,아동양육비,2978,,202412,울산광역시,동구,추가아동양육비,121,,202501,경기도,안산시,추가아동양육비,589
통합,경기도,과천시,아동양육비,,,202503,경기도,과천시,아동양육비,63,,202502,경기도,고양시,추가아동양육비,337,,202412,울산광역시,동구,학용품비,40,,202501,경기도,고양시,아동양육비,2960
통합,경기도,과천시,추가아동양육비,,,202503,경기도,과천시,추가아동양육비,6,,202502,경기도,과천시,아동양육비,63,,202412,울산광역시,북구,아동양육비,1192,,202501,경기도,고양시,추가아동양육비,337
통합,경기도,구리시,아동양육비,,,202503,경기도,구리시,아동양육비,648,,202502,경기도,과천시,추가아동양육비,4,,202412,울산광역시,북구,추가아동양육비,107,,202501,경기도,과천시,아동양육비,63
통합,경기도,구리시,추가아동양육비,,,202503,경기도,구리시,추가아동양육비,91,,202502,경기도,구리시,아동양육비,637,,202412,울산광역시,북구,학용품비,32,,202501,경기도,과천시,추가아동양육비,4
통합,경기도,남양주시,아동양육비,,,202503,경기도,남양주시,아동양육비,2848,,202502,경기도,구리시,추가아동양육비,89,,202412,울산광역시,울주군,아동양육비,1144,,202501,경기도,구리시,아동양육비,629
통합,경기도,남양주시,추가아동양육비,,,202503,경기도,남양주시,추가아동양육비,251,,202502,경기도,남양주시,아동양육비,2833,,202412,울산광역시,울주군,생활보조금,2,,202501,경기도,구리시,추가아동양육비,90
통합,경기도,오산시,아동양육비,,,202503,경기도,오산시,아동양육비,1034,,202502,경기도,남양주시,추가아동양육비,254,,202412,울산광역시,울주군,추가아동양육비,89,,202501,경기도,남양주시,아동양육비,2779
통합,경기도,오산시,추가아동양육비,,,202503,경기도,오산시,추가아동양육비,157,,202502,경기도,오산시,아동양육비,1019,,202412,울산광역시,울주군,학용품비,417,,202501,경기도,남양주시,추가아동양육비,260
통합,경기도,시흥시,아동양육비,,,202503,경기도,시흥시,아동양육비,2276,,202502,경기도,오산시,추가아동양육비,164,,202412,세종특별자치시,세종특별자치시,아동양육비,1309,,202501,경기도,오산시,아동양육비,1012
통합,경기도,시흥시,추가아동양육비,,,202503,경기도,시흥시,추가아동양육비,284,,202502,경기도,시흥시,아동양육비,2224,,202412,세종특별자치시,세종특별자치시,추가아동양육비,135,,202501,경기도,오산시,추가아동양육비,164
통합,경기도,군포시,아동양육비,,,202503,경기도,군포시,아동양육비,955,,202502,경기도,시흥시,추가아동양육비,284,,202412,경기도,수원시,아동양육비,3041,,202501,경기도,시흥시,아동양육비,2222
통합,경기도,군포시,추가아동양육비,,,202503,경기도,군포시,추가아동양육비,111,,202502,경기도,군포시,아동양육비,950,,202412,경기도,수원시,생활보조금,4,,202501,경기도,시흥시,추가아동양육비,287
통합,경기도,의왕시,아동양육비,,,202503,경기도,의왕시,아동양육비,272,,202502,경기도,군포시,추가아동양육비,114,,202412,경기도,수원시,추가아동양육비,360,,202501,경기도,시흥시,학용품비,15
통합,경기도,의왕시,추가아동양육비,,,202503,경기도,의왕시,추가아동양육비,38,,202502,경기도,의왕시,아동양육비,269,,202412,경기도,수원시,학용품비,5,,202501,경기도,군포시,아동양육비,936
통합,경기도,하남시,아동양육비,,,202503,경기도,하남시,아동양육비,673,,202502,경기도,의왕시,추가아동양육비,39,,202412,경기도,성남시,아동양육비,2761,,202501,경기도,군포시,추가아동양육비,112
통합,경기도,하남시,추가아동양육비,,,202503,경기도,하남시,추가아동양육비,84,,202502,경기도,하남시,아동양육비,677,,202412,경기도,성남시,추가아동양육비,311,,202501,경기도,의왕시,아동양육비,271
통합,경기도,용인시,아동양육비,,,202503,경기도,용인시,아동양육비,2050,,202502,경기도,하남시,추가아동양육비,80,,202412,경기도,성남시,학용품비,24,,202501,경기도,의왕시,추가아동양육비,41
통합,경기도,용인시,생활보조금,,,202503,경기도,용인시,생활보조금,2,,202502,경기도,용인시,아동양육비,2034,,202412,경기도,의정부시,아동양육비,2749,,202501,경기도,하남시,아동양육비,715
통합,경기도,용인시,추가아동양육비,,,202503,경기도,용인시,추가아동양육비,234,,202502,경기도,용인시,생활보조금,2,,202412,경기도,의정부시,추가아동양육비,334,,202501,경기도,하남시,추가아동양육비,87
통합,경기도,파주시,아동양육비,,,202503,경기도,파주시,아동양육비,2767,,202502,경기도,용인시,추가아동양육비,233,,202412,경기도,안양시,아동양육비,1344,,202501,경기도,용인시,아동양육비,2008
통합,경기도,파주시,추가아동양육비,,,202503,경기도,파주시,추가아동양육비,284,,202502,경기도,파주시,아동양육비,2706,,202412,경기도,안양시,추가아동양육비,146,,202501,경기도,용인시,생활보조금,2
통합,경기도,이천시,아동양육비,,,202503,경기도,이천시,아동양육비,956,,202502,경기도,파주시,추가아동양육비,279,,202412,경기도,안양시,학용품비,10,,202501,경기도,용인시,추가아동양육비,234
통합,경기도,이천시,추가아동양육비,,,202503,경기도,이천시,추가아동양육비,116,,202502,경기도,이천시,아동양육비,934,,202412,경기도,부천시,아동양육비,3015,,202501,경기도,파주시,아동양육비,2661
통합,경기도,안성시,아동양육비,,,202503,경기도,안성시,아동양육비,872,,202502,경기도,이천시,추가아동양육비,112,,202412,경기도,부천시,생활보조금,1,,202501,경기도,파주시,추가아동양육비,281
통합,경기도,안성시,추가아동양육비,,,202503,경기도,안성시,추가아동양육비,141,,202502,경기도,안성시,아동양육비,854,,202412,경기도,부천시,추가아동양육비,329,,202501,경기도,이천시,아동양육비,913
통합,경기도,김포시,아동양육비,,,202503,경기도,김포시,아동양육비,1587,,202502,경기도,안성시,추가아동양육비,138,,202412,경기도,부천시,학용품비,1,,202501,경기도,이천시,추가아동양육비,113
통합,경기도,김포시,추가아동양육비,,,202503,경기도,김포시,추가아동양육비,176,,202502,경기도,김포시,아동양육비,1553,,202412,경기도,광명시,아동양육비,869,,202501,경기도,안성시,아동양육비,848
통합,경기도,화성시,아동양육비,,,202503,경기도,화성시,아동양육비,2369,,202502,경기도,김포시,추가아동양육비,165,,202412,경기도,광명시,추가아동양육비,95,,202501,경기도,안성시,추가아동양육비,135
통합,경기도,화성시,추가아동양육비,,,202503,경기도,화성시,추가아동양육비,290,,202502,경기도,화성시,아동양육비,2343,,202412,경기도,광명시,학용품비,7,,202501,경기도,김포시,아동양육비,1529
통합,경기도,광주시,아동양육비,,,202503,경기도,광주시,아동양육비,1650,,202502,경기도,화성시,추가아동양육비,294,,202412,경기도,평택시,아동양육비,2966,,202501,경기도,김포시,추가아동양육비,169
통합,경기도,광주시,추가아동양육비,,,202503,경기도,광주시,추가아동양육비,220,,202502,경기도,광주시,아동양육비,1605,,202412,경기도,평택시,추가아동양육비,451,,202501,경기도,화성시,아동양육비,2317
통합,경기도,양주시,아동양육비,,,202503,경기도,양주시,아동양육비,1940,,202502,경기도,광주시,추가아동양육비,219,,202412,경기도,평택시,학용품비,45,,202501,경기도,화성시,추가아동양육비,291
통합,경기도,양주시,추가아동양육비,,,202503,경기도,양주시,추가아동양육비,270,,202502,경기도,양주시,아동양육비,1908,,202412,경기도,동두천시,아동양육비,926,,202501,경기도,광주시,아동양육비,1584
통합,경기도,포천시,아동양육비,,,202503,경기도,포천시,아동양육비,871,,202502,경기도,양주시,추가아동양육비,271,,202412,경기도,동두천시,추가아동양육비,123,,202501,경기도,광주시,추가아동양육비,220
통합,경기도,포천시,추가아동양육비,,,202503,경기도,포천시,추가아동양육비,89,,202502,경기도,포천시,아동양육비,870,,202412,경기도,안산시,아동양육비,4262,,202501,경기도,양주시,아동양육비,1891
통합,경기도,여주시,아동양육비,,,202503,경기도,여주시,아동양육비,664,,202502,경기도,포천시,추가아동양육비,95,,202412,경기도,안산시,생활보조금,1,,202501,경기도,양주시,추가아동양육비,271
통합,경기도,여주시,생활보조금,,,202503,경기도,여주시,생활보조금,2,,202502,경기도,여주시,아동양육비,655,,202412,경기도,안산시,추가아동양육비,579,,202501,경기도,포천시,아동양육비,858
통합,경기도,여주시,추가아동양육비,,,202503,경기도,여주시,추가아동양육비,70,,202502,경기도,여주시,생활보조금,2,,202412,경기도,안산시,학용품비,12,,202501,경기도,포천시,추가아동양육비,93
통합,경기도,연천군,아동양육비,,,202503,경기도,연천군,아동양육비,216,,202502,경기도,여주시,추가아동양육비,72,,202412,경기도,고양시,아동양육비,3277,,202501,경기도,여주시,아동양육비,650
통합,경기도,연천군,추가아동양육비,,,202503,경기도,연천군,추가아동양육비,37,,202502,경기도,연천군,아동양육비,210,,202412,경기도,고양시,추가아동양육비,346,,202501,경기도,여주시,생활보조금,2
통합,경기도,가평군,아동양육비,,,202503,경기도,가평군,아동양육비,270,,202502,경기도,연천군,추가아동양육비,36,,202412,경기도,고양시,학용품비,1,,202501,경기도,여주시,추가아동양육비,76
통합,경기도,가평군,추가아동양육비,,,202503,경기도,가평군,추가아동양육비,14,,202502,경기도,가평군,아동양육비,259,,202412,경기도,과천시,아동양육비,74,,202501,경기도,연천군,아동양육비,210
통합,경기도,양평군,아동양육비,,,202503,경기도,양평군,아동양육비,500,,202502,경기도,가평군,추가아동양육비,15,,202412,경기도,과천시,추가아동양육비,5,,202501,경기도,연천군,추가아동양육비,34
통합,경기도,양평군,추가아동양육비,,,202503,경기도,양평군,추가아동양육비,40,,202502,경기도,양평군,아동양육비,492,,202412,경기도,구리시,아동양육비,699,,202501,경기도,가평군,아동양육비,262
통합,충청북도,청주시,아동양육비,,,202503,충청북도,청주시,아동양육비,4547,,202502,경기도,양평군,추가아동양육비,39,,202412,경기도,구리시,추가아동양육비,93,,202501,경기도,가평군,추가아동양육비,15
통합,충청북도,청주시,생활보조금,,,202503,충청북도,청주시,생활보조금,1,,202502,충청북도,청주시,아동양육비,4514,,202412,경기도,남양주시,아동양육비,3029,,202501,경기도,양평군,아동양육비,494
통합,충청북도,청주시,추가아동양육비,,,202503,충청북도,청주시,추가아동양육비,603,,202502,충청북도,청주시,생활보조금,1,,202412,경기도,남양주시,추가아동양육비,270,,202501,경기도,양평군,추가아동양육비,41
통합,충청북도,충주시,아동양육비,,,202503,충청북도,충주시,아동양육비,1218,,202502,충청북도,청주시,추가아동양육비,621,,202412,경기도,오산시,아동양육비,1067,,202501,충청북도,청주시,아동양육비,4492
통합,충청북도,충주시,추가아동양육비,,,202503,충청북도,충주시,추가아동양육비,153,,202502,충청북도,충주시,아동양육비,1208,,202412,경기도,오산시,추가아동양육비,160,,202501,충청북도,청주시,생활보조금,1
통합,충청북도,제천시,아동양육비,,,202503,충청북도,제천시,아동양육비,755,,202502,충청북도,충주시,추가아동양육비,155,,202412,경기도,시흥시,아동양육비,2397,,202501,충청북도,청주시,추가아동양육비,630
통합,충청북도,제천시,추가아동양육비,,,202503,충청북도,제천시,추가아동양육비,86,,202502,충청북도,제천시,아동양육비,757,,202412,경기도,시흥시,추가아동양육비,289,,202501,충청북도,충주시,아동양육비,1201
통합,충청북도,보은군,아동양육비,,,202503,충청북도,보은군,아동양육비,139,,202502,충청북도,제천시,추가아동양육비,89,,202412,경기도,군포시,아동양육비,1009,,202501,충청북도,충주시,추가아동양육비,154
통합,충청북도,보은군,추가아동양육비,,,202503,충청북도,보은군,추가아동양육비,12,,202502,충청북도,보은군,아동양육비,137,,202412,경기도,군포시,추가아동양육비,111,,202501,충청북도,제천시,아동양육비,756
통합,충청북도,옥천군,아동양육비,,,202503,충청북도,옥천군,아동양육비,267,,202502,충청북도,보은군,추가아동양육비,12,,202412,경기도,군포시,학용품비,15,,202501,충청북도,제천시,추가아동양육비,90
통합,충청북도,옥천군,추가아동양육비,,,202503,충청북도,옥천군,추가아동양육비,31,,202502,충청북도,옥천군,아동양육비,260,,202412,경기도,의왕시,아동양육비,298,,202501,충청북도,보은군,아동양육비,137
통합,충청북도,영동군,아동양육비,,,202503,충청북도,영동군,아동양육비,175,,202502,충청북도,옥천군,추가아동양육비,31,,202412,경기도,의왕시,추가아동양육비,41,,202501,충청북도,보은군,추가아동양육비,12
통합,충청북도,영동군,추가아동양육비,,,202503,충청북도,영동군,추가아동양육비,22,,202502,충청북도,영동군,아동양육비,175,,202412,경기도,하남시,아동양육비,727,,202501,충청북도,옥천군,아동양육비,257
통합,충청북도,증평군,아동양육비,,,202503,충청북도,증평군,아동양육비,269,,202502,충청북도,영동군,추가아동양육비,22,,202412,경기도,하남시,추가아동양육비,85,,202501,충청북도,옥천군,추가아동양육비,30
통합,충청북도,증평군,추가아동양육비,,,202503,충청북도,증평군,추가아동양육비,37,,202502,충청북도,증평군,아동양육비,266,,202412,경기도,용인시,아동양육비,2193,,202501,충청북도,영동군,아동양육비,173
통합,충청북도,진천군,아동양육비,,,202503,충청북도,진천군,아동양육비,474,,202502,충청북도,증평군,추가아동양육비,36,,202412,경기도,용인시,생활보조금,3,,202501,충청북도,영동군,추가아동양육비,23
통합,충청북도,진천군,추가아동양육비,,,202503,충청북도,진천군,추가아동양육비,55,,202502,충청북도,진천군,아동양육비,456,,202412,경기도,용인시,추가아동양육비,243,,202501,충청북도,증평군,아동양육비,265
통합,충청북도,괴산군,아동양육비,,,202503,충청북도,괴산군,아동양육비,125,,202502,충청북도,진천군,추가아동양육비,52,,202412,경기도,용인시,학용품비,18,,202501,충청북도,증평군,추가아동양육비,36
통합,충청북도,괴산군,추가아동양육비,,,202503,충청북도,괴산군,추가아동양육비,10,,202502,충청북도,괴산군,아동양육비,126,,202412,경기도,파주시,아동양육비,2829,,202501,충청북도,진천군,아동양육비,447
통합,충청북도,음성군,아동양육비,,,202503,충청북도,음성군,아동양육비,440,,202502,충청북도,괴산군,추가아동양육비,10,,202412,경기도,파주시,추가아동양육비,286,,202501,충청북도,진천군,추가아동양육비,46
통합,충청북도,음성군,추가아동양육비,,,202503,충청북도,음성군,추가아동양육비,72,,202502,충청북도,음성군,아동양육비,438,,202412,경기도,파주시,학용품비,6,,202501,충청북도,괴산군,아동양육비,126
통합,충청북도,단양군,아동양육비,,,202503,충청북도,단양군,아동양육비,101,,202502,충청북도,음성군,추가아동양육비,75,,202412,경기도,이천시,아동양육비,971,,202501,충청북도,괴산군,추가아동양육비,10
통합,충청북도,단양군,추가아동양육비,,,202503,충청북도,단양군,추가아동양육비,7,,202502,충청북도,단양군,아동양육비,100,,202412,경기도,이천시,추가아동양육비,113,,202501,충청북도,음성군,아동양육비,428
통합,충청남도,천안시,아동양육비,,,202503,충청남도,천안시,아동양육비,2874,,202502,충청북도,단양군,추가아동양육비,7,,202412,경기도,이천시,학용품비,26,,202501,충청북도,음성군,추가아동양육비,76
통합,충청남도,천안시,생활보조금,,,202503,충청남도,천안시,생활보조금,1,,202502,충청남도,천안시,아동양육비,2832,,202412,경기도,안성시,아동양육비,911,,202501,충청북도,단양군,아동양육비,104
통합,충청남도,천안시,추가아동양육비,,,202503,충청남도,천안시,추가아동양육비,427,,202502,충청남도,천안시,생활보조금,1,,202412,경기도,안성시,추가아동양육비,132,,202501,충청북도,단양군,추가아동양육비,9
통합,충청남도,공주시,아동양육비,,,202503,충청남도,공주시,아동양육비,531,,202502,충청남도,천안시,추가아동양육비,416,,202412,경기도,안성시,학용품비,9,,202501,충청남도,천안시,아동양육비,2811
통합,충청남도,공주시,추가아동양육비,,,202503,충청남도,공주시,추가아동양육비,59,,202502,충청남도,공주시,아동양육비,527,,202412,경기도,김포시,아동양육비,1665,,202501,충청남도,천안시,생활보조금,1
통합,충청남도,보령시,아동양육비,,,202503,충청남도,보령시,아동양육비,549,,202502,충청남도,공주시,추가아동양육비,60,,202412,경기도,김포시,추가아동양육비,168,,202501,충청남도,천안시,추가아동양육비,425
통합,충청남도,보령시,추가아동양육비,,,202503,충청남도,보령시,추가아동양육비,59,,202502,충청남도,보령시,아동양육비,565,,202412,경기도,김포시,학용품비,17,,202501,충청남도,공주시,아동양육비,525
통합,충청남도,아산시,아동양육비,,,202503,충청남도,아산시,아동양육비,1717,,202502,충청남도,보령시,추가아동양육비,63,,202412,경기도,화성시,아동양육비,2461,,202501,충청남도,공주시,추가아동양육비,62
통합,충청남도,아산시,추가아동양육비,,,202503,충청남도,아산시,추가아동양육비,238,,202502,충청남도,아산시,아동양육비,1701,,202412,경기도,화성시,추가아동양육비,282,,202501,충청남도,보령시,아동양육비,573
통합,충청남도,서산시,아동양육비,,,202503,충청남도,서산시,아동양육비,710,,202502,충청남도,아산시,추가아동양육비,243,,202412,경기도,화성시,학용품비,21,,202501,충청남도,보령시,추가아동양육비,67
통합,충청남도,서산시,추가아동양육비,,,202503,충청남도,서산시,추가아동양육비,96,,202502,충청남도,서산시,아동양육비,700,,202412,경기도,광주시,아동양육비,1661,,202501,충청남도,아산시,아동양육비,1696
통합,충청남도,논산시,아동양육비,,,202503,충청남도,논산시,아동양육비,776,,202502,충청남도,서산시,추가아동양육비,95,,202412,경기도,광주시,추가아동양육비,207,,202501,충청남도,아산시,추가아동양육비,244
통합,충청남도,논산시,추가아동양육비,,,202503,충청남도,논산시,추가아동양육비,133,,202502,충청남도,논산시,아동양육비,762,,202412,경기도,양주시,아동양육비,2033,,202501,충청남도,서산시,아동양육비,697
통합,충청남도,계룡시,아동양육비,,,202503,충청남도,계룡시,아동양육비,191,,202502,충청남도,논산시,추가아동양육비,130,,202412,경기도,양주시,추가아동양육비,278,,202501,충청남도,서산시,추가아동양육비,98
통합,충청남도,계룡시,생활보조금,,,202503,충청남도,계룡시,생활보조금,1,,202502,충청남도,계룡시,아동양육비,186,,202412,경기도,포천시,아동양육비,925,,202501,충청남도,논산시,아동양육비,759
통합,충청남도,계룡시,추가아동양육비,,,202503,충청남도,계룡시,추가아동양육비,17,,202502,충청남도,계룡시,생활보조금,1,,202412,경기도,포천시,추가아동양육비,97,,202501,충청남도,논산시,추가아동양육비,128
통합,충청남도,당진시,아동양육비,,,202503,충청남도,당진시,아동양육비,791,,202502,충청남도,계룡시,추가아동양육비,20,,202412,경기도,포천시,학용품비,1,,202501,충청남도,계룡시,아동양육비,189
통합,충청남도,당진시,추가아동양육비,,,202503,충청남도,당진시,추가아동양육비,81,,202502,충청남도,당진시,아동양육비,792,,202412,경기도,여주시,아동양육비,711,,202501,충청남도,계룡시,생활보조금,1
통합,충청남도,금산군,아동양육비,,,202503,충청남도,금산군,아동양육비,249,,202502,충청남도,당진시,추가아동양육비,84,,202412,경기도,여주시,생활보조금,2,,202501,충청남도,계룡시,추가아동양육비,18
통합,충청남도,금산군,추가아동양육비,,,202503,충청남도,금산군,추가아동양육비,12,,202502,충청남도,금산군,아동양육비,249,,202412,경기도,여주시,추가아동양육비,78,,202501,충청남도,당진시,아동양육비,781
통합,충청남도,부여군,아동양육비,,,202503,충청남도,부여군,아동양육비,302,,202502,충청남도,금산군,추가아동양육비,10,,202412,경기도,여주시,학용품비,12,,202501,충청남도,당진시,추가아동양육비,85
통합,충청남도,부여군,추가아동양육비,,,202503,충청남도,부여군,추가아동양육비,31,,202502,충청남도,부여군,아동양육비,295,,202412,경기도,연천군,아동양육비,228,,202501,충청남도,금산군,아동양육비,246
통합,충청남도,서천군,아동양육비,,,202503,충청남도,서천군,아동양육비,202,,202502,충청남도,부여군,추가아동양육비,28,,202412,경기도,연천군,추가아동양육비,34,,202501,충청남도,금산군,추가아동양육비,10
통합,충청남도,서천군,생활보조금,,,202503,충청남도,서천군,생활보조금,2,,202502,충청남도,서천군,아동양육비,195,,202412,경기도,가평군,아동양육비,280,,202501,충청남도,부여군,아동양육비,288
통합,충청남도,서천군,추가아동양육비,,,202503,충청남도,서천군,추가아동양육비,13,,202502,충청남도,서천군,생활보조금,2,,202412,경기도,가평군,추가아동양육비,17,,202501,충청남도,부여군,추가아동양육비,28
통합,충청남도,청양군,아동양육비,,,202503,충청남도,청양군,아동양육비,141,,202502,충청남도,서천군,추가아동양육비,13,,202412,경기도,양평군,아동양육비,533,,202501,충청남도,서천군,아동양육비,196
통합,충청남도,청양군,추가아동양육비,,,202503,충청남도,청양군,추가아동양육비,27,,202502,충청남도,청양군,아동양육비,140,,202412,경기도,양평군,추가아동양육비,43,,202501,충청남도,서천군,생활보조금,2
통합,충청남도,홍성군,아동양육비,,,202503,충청남도,홍성군,아동양육비,464,,202502,충청남도,청양군,추가아동양육비,27,,202412,충청북도,청주시,아동양육비,4821,,202501,충청남도,서천군,추가아동양육비,17
통합,충청남도,홍성군,추가아동양육비,,,202503,충청남도,홍성군,추가아동양육비,63,,202502,충청남도,홍성군,아동양육비,447,,202412,충청북도,청주시,생활보조금,2,,202501,충청남도,청양군,아동양육비,135
통합,충청남도,예산군,아동양육비,,,202503,충청남도,예산군,아동양육비,266,,202502,충청남도,홍성군,추가아동양육비,57,,202412,충청북도,청주시,추가아동양육비,631,,202501,충청남도,청양군,추가아동양육비,26
통합,충청남도,예산군,추가아동양육비,,,202503,충청남도,예산군,추가아동양육비,34,,202502,충청남도,예산군,아동양육비,271,,202412,충청북도,청주시,학용품비,44,,202501,충청남도,홍성군,아동양육비,438
통합,충청남도,태안군,아동양육비,,,202503,충청남도,태안군,아동양육비,263,,202502,충청남도,예산군,추가아동양육비,32,,202412,충청북도,충주시,아동양육비,1332,,202501,충청남도,홍성군,추가아동양육비,55
통합,충청남도,태안군,추가아동양육비,,,202503,충청남도,태안군,추가아동양육비,21,,202502,충청남도,태안군,아동양육비,264,,202412,충청북도,충주시,추가아동양육비,158,,202501,충청남도,예산군,아동양육비,264
통합,전라남도,목포시,아동양육비,,,202503,전라남도,목포시,아동양육비,2265,,202502,충청남도,태안군,추가아동양육비,21,,202412,충청북도,충주시,학용품비,13,,202501,충청남도,예산군,추가아동양육비,34
통합,전라남도,목포시,생활보조금,,,202503,전라남도,목포시,생활보조금,6,,202502,전라남도,목포시,아동양육비,2228,,202412,충청북도,제천시,아동양육비,816,,202501,충청남도,태안군,아동양육비,273
통합,전라남도,목포시,추가아동양육비,,,202503,전라남도,목포시,추가아동양육비,274,,202502,전라남도,목포시,생활보조금,6,,202412,충청북도,제천시,추가아동양육비,87,,202501,충청남도,태안군,추가아동양육비,21
통합,전라남도,여수시,아동양육비,,,202503,전라남도,여수시,아동양육비,1347,,202502,전라남도,목포시,추가아동양육비,267,,202412,충청북도,보은군,아동양육비,154,,202501,전라남도,목포시,아동양육비,2200
통합,전라남도,여수시,추가아동양육비,,,202503,전라남도,여수시,추가아동양육비,165,,202502,전라남도,여수시,아동양육비,1341,,202412,충청북도,보은군,추가아동양육비,12,,202501,전라남도,목포시,생활보조금,6
통합,전라남도,순천시,아동양육비,,,202503,전라남도,순천시,아동양육비,1164,,202502,전라남도,여수시,추가아동양육비,164,,202412,충청북도,옥천군,아동양육비,279,,202501,전라남도,목포시,추가아동양육비,272
통합,전라남도,순천시,추가아동양육비,,,202503,전라남도,순천시,추가아동양육비,126,,202502,전라남도,순천시,아동양육비,1164,,202412,충청북도,옥천군,추가아동양육비,31,,202501,전라남도,여수시,아동양육비,1326
통합,전라남도,나주시,아동양육비,,,202503,전라남도,나주시,아동양육비,760,,202502,전라남도,순천시,추가아동양육비,126,,202412,충청북도,옥천군,학용품비,1,,202501,전라남도,여수시,추가아동양육비,165
통합,전라남도,나주시,추가아동양육비,,,202503,전라남도,나주시,추가아동양육비,98,,202502,전라남도,나주시,아동양육비,751,,202412,충청북도,영동군,아동양육비,189,,202501,전라남도,순천시,아동양육비,1148
통합,전라남도,광양시,아동양육비,,,202503,전라남도,광양시,아동양육비,924,,202502,전라남도,나주시,추가아동양육비,94,,202412,충청북도,영동군,추가아동양육비,23,,202501,전라남도,순천시,추가아동양육비,133
통합,전라남도,광양시,추가아동양육비,,,202503,전라남도,광양시,추가아동양육비,122,,202502,전라남도,광양시,아동양육비,922,,202412,충청북도,증평군,아동양육비,288,,202501,전라남도,나주시,아동양육비,744
통합,전라남도,담양군,아동양육비,,,202503,전라남도,담양군,아동양육비,159,,202502,전라남도,광양시,추가아동양육비,121,,202412,충청북도,증평군,추가아동양육비,36,,202501,전라남도,나주시,추가아동양육비,91
통합,전라남도,담양군,추가아동양육비,,,202503,전라남도,담양군,추가아동양육비,16,,202502,전라남도,담양군,아동양육비,159,,202412,충청북도,진천군,아동양육비,475,,202501,전라남도,광양시,아동양육비,916
통합,전라남도,곡성군,아동양육비,,,202503,전라남도,곡성군,아동양육비,76,,202502,전라남도,담양군,추가아동양육비,16,,202412,충청북도,진천군,추가아동양육비,48,,202501,전라남도,광양시,추가아동양육비,120
통합,전라남도,곡성군,추가아동양육비,,,202503,전라남도,곡성군,추가아동양육비,7,,202502,전라남도,곡성군,아동양육비,77,,202412,충청북도,괴산군,아동양육비,138,,202501,전라남도,담양군,아동양육비,160
통합,전라남도,구례군,아동양육비,,,202503,전라남도,구례군,아동양육비,104,,202502,전라남도,곡성군,추가아동양육비,9,,202412,충청북도,괴산군,추가아동양육비,6,,202501,전라남도,담양군,추가아동양육비,16
통합,전라남도,구례군,추가아동양육비,,,202503,전라남도,구례군,추가아동양육비,13,,202502,전라남도,구례군,아동양육비,102,,202412,충청북도,음성군,아동양육비,446,,202501,전라남도,곡성군,아동양육비,73
통합,전라남도,고흥군,아동양육비,,,202503,전라남도,고흥군,아동양육비,228,,202502,전라남도,구례군,추가아동양육비,13,,202412,충청북도,음성군,추가아동양육비,72,,202501,전라남도,곡성군,추가아동양육비,7
통합,전라남도,고흥군,추가아동양육비,,,202503,전라남도,고흥군,추가아동양육비,23,,202502,전라남도,고흥군,아동양육비,226,,202412,충청북도,단양군,아동양육비,112,,202501,전라남도,구례군,아동양육비,101
통합,전라남도,보성군,아동양육비,,,202503,전라남도,보성군,아동양육비,146,,202502,전라남도,고흥군,추가아동양육비,23,,202412,충청북도,단양군,추가아동양육비,9,,202501,전라남도,구례군,추가아동양육비,10
통합,전라남도,보성군,추가아동양육비,,,202503,전라남도,보성군,추가아동양육비,15,,202502,전라남도,보성군,아동양육비,142,,202412,충청남도,천안시,아동양육비,3008,,202501,전라남도,고흥군,아동양육비,252
통합,전라남도,화순군,아동양육비,,,202503,전라남도,화순군,아동양육비,317,,202502,전라남도,보성군,추가아동양육비,14,,202412,충청남도,천안시,생활보조금,1,,202501,전라남도,고흥군,추가아동양육비,26
통합,전라남도,화순군,추가아동양육비,,,202503,전라남도,화순군,추가아동양육비,41,,202502,전라남도,화순군,아동양육비,310,,202412,충청남도,천안시,추가아동양육비,442,,202501,전라남도,보성군,아동양육비,142
통합,전라남도,장흥군,아동양육비,,,202503,전라남도,장흥군,아동양육비,188,,202502,전라남도,화순군,추가아동양육비,43,,202412,충청남도,천안시,학용품비,17,,202501,전라남도,보성군,추가아동양육비,14
통합,전라남도,장흥군,추가아동양육비,,,202503,전라남도,장흥군,추가아동양육비,19,,202502,전라남도,장흥군,아동양육비,198,,202412,충청남도,공주시,아동양육비,573,,202501,전라남도,화순군,아동양육비,303
통합,전라남도,강진군,아동양육비,,,202503,전라남도,강진군,아동양육비,167,,202502,전라남도,장흥군,추가아동양육비,18,,202412,충청남도,공주시,추가아동양육비,59,,202501,전라남도,화순군,추가아동양육비,38
통합,전라남도,강진군,추가아동양육비,,,202503,전라남도,강진군,추가아동양육비,19,,202502,전라남도,강진군,아동양육비,165,,202412,충청남도,보령시,아동양육비,628,,202501,전라남도,장흥군,아동양육비,194
통합,전라남도,해남군,아동양육비,,,202503,전라남도,해남군,아동양육비,282,,202502,전라남도,강진군,추가아동양육비,22,,202412,충청남도,보령시,추가아동양육비,65,,202501,전라남도,장흥군,추가아동양육비,21
통합,전라남도,해남군,추가아동양육비,,,202503,전라남도,해남군,추가아동양육비,33,,202502,전라남도,해남군,아동양육비,282,,202412,충청남도,아산시,아동양육비,1779,,202501,전라남도,강진군,아동양육비,168
통합,전라남도,영암군,아동양육비,,,202503,전라남도,영암군,아동양육비,255,,202502,전라남도,해남군,추가아동양육비,33,,202412,충청남도,아산시,추가아동양육비,233,,202501,전라남도,강진군,추가아동양육비,25
통합,전라남도,영암군,추가아동양육비,,,202503,전라남도,영암군,추가아동양육비,24,,202502,전라남도,영암군,아동양육비,258,,202412,충청남도,서산시,아동양육비,755,,202501,전라남도,해남군,아동양육비,307
통합,전라남도,무안군,아동양육비,,,202503,전라남도,무안군,아동양육비,460,,202502,전라남도,영암군,추가아동양육비,26,,202412,충청남도,서산시,추가아동양육비,98,,202501,전라남도,해남군,추가아동양육비,32
통합,전라남도,무안군,추가아동양육비,,,202503,전라남도,무안군,추가아동양육비,41,,202502,전라남도,무안군,아동양육비,454,,202412,충청남도,논산시,아동양육비,841,,202501,전라남도,영암군,아동양육비,262
통합,전라남도,함평군,아동양육비,,,202503,전라남도,함평군,아동양육비,96,,202502,전라남도,무안군,추가아동양육비,42,,202412,충청남도,논산시,추가아동양육비,125,,202501,전라남도,영암군,추가아동양육비,32
통합,전라남도,함평군,추가아동양육비,,,202503,전라남도,함평군,추가아동양육비,14,,202502,전라남도,함평군,아동양육비,97,,202412,충청남도,계룡시,아동양육비,199,,202501,전라남도,무안군,아동양육비,446
통합,전라남도,영광군,아동양육비,,,202503,전라남도,영광군,아동양육비,245,,202502,전라남도,함평군,추가아동양육비,16,,202412,충청남도,계룡시,생활보조금,1,,202501,전라남도,무안군,추가아동양육비,38
통합,전라남도,영광군,추가아동양육비,,,202503,전라남도,영광군,추가아동양육비,20,,202502,전라남도,영광군,아동양육비,243,,202412,충청남도,계룡시,추가아동양육비,20,,202501,전라남도,함평군,아동양육비,96
통합,전라남도,장성군,아동양육비,,,202503,전라남도,장성군,아동양육비,183,,202502,전라남도,영광군,추가아동양육비,20,,202412,충청남도,당진시,아동양육비,852,,202501,전라남도,함평군,추가아동양육비,15
통합,전라남도,장성군,추가아동양육비,,,202503,전라남도,장성군,추가아동양육비,14,,202502,전라남도,장성군,아동양육비,181,,202412,충청남도,당진시,추가아동양육비,88,,202501,전라남도,영광군,아동양육비,244
통합,전라남도,완도군,아동양육비,,,202503,전라남도,완도군,아동양육비,206,,202502,전라남도,장성군,추가아동양육비,14,,202412,충청남도,금산군,아동양육비,275,,202501,전라남도,영광군,추가아동양육비,20
통합,전라남도,완도군,추가아동양육비,,,202503,전라남도,완도군,추가아동양육비,15,,202502,전라남도,완도군,아동양육비,200,,202412,충청남도,금산군,추가아동양육비,14,,202501,전라남도,장성군,아동양육비,178
통합,전라남도,진도군,아동양육비,,,202503,전라남도,진도군,아동양육비,161,,202502,전라남도,완도군,추가아동양육비,13,,202412,충청남도,부여군,아동양육비,321,,202501,전라남도,장성군,추가아동양육비,12
통합,전라남도,진도군,추가아동양육비,,,202503,전라남도,진도군,추가아동양육비,8,,202502,전라남도,진도군,아동양육비,160,,202412,충청남도,부여군,추가아동양육비,30,,202501,전라남도,완도군,아동양육비,214
통합,전라남도,신안군,아동양육비,,,202503,전라남도,신안군,아동양육비,124,,202502,전라남도,진도군,추가아동양육비,8,,202412,충청남도,서천군,아동양육비,211,,202501,전라남도,완도군,추가아동양육비,20
통합,전라남도,신안군,추가아동양육비,,,202503,전라남도,신안군,추가아동양육비,6,,202502,전라남도,신안군,아동양육비,127,,202412,충청남도,서천군,생활보조금,2,,202501,전라남도,진도군,아동양육비,154
통합,경상북도,포항시,아동양육비,,,202503,경상북도,포항시,아동양육비,3229,,202502,전라남도,신안군,추가아동양육비,7,,202412,충청남도,서천군,추가아동양육비,17,,202501,전라남도,진도군,추가아동양육비,7
통합,경상북도,포항시,추가아동양육비,,,202503,경상북도,포항시,추가아동양육비,345,,202502,경상북도,포항시,아동양육비,3206,,202412,충청남도,청양군,아동양육비,148,,202501,전라남도,신안군,아동양육비,118
통합,경상북도,경주시,아동양육비,,,202503,경상북도,경주시,아동양육비,1193,,202502,경상북도,포항시,추가아동양육비,348,,202412,충청남도,청양군,추가아동양육비,26,,202501,전라남도,신안군,추가아동양육비,5
통합,경상북도,경주시,생활보조금,,,202503,경상북도,경주시,생활보조금,1,,202502,경상북도,경주시,아동양육비,1193,,202412,충청남도,청양군,학용품비,10,,202501,경상북도,포항시,아동양육비,3216
통합,경상북도,경주시,추가아동양육비,,,202503,경상북도,경주시,추가아동양육비,147,,202502,경상북도,경주시,생활보조금,1,,202412,충청남도,홍성군,아동양육비,465,,202501,경상북도,포항시,추가아동양육비,344
통합,경상북도,김천시,아동양육비,,,202503,경상북도,김천시,아동양육비,683,,202502,경상북도,경주시,추가아동양육비,147,,202412,충청남도,홍성군,추가아동양육비,55,,202501,경상북도,경주시,아동양육비,1192
통합,경상북도,김천시,추가아동양육비,,,202503,경상북도,김천시,추가아동양육비,74,,202502,경상북도,김천시,아동양육비,677,,202412,충청남도,예산군,아동양육비,288,,202501,경상북도,경주시,생활보조금,1
통합,경상북도,안동시,아동양육비,,,202503,경상북도,안동시,아동양육비,751,,202502,경상북도,김천시,추가아동양육비,75,,202412,충청남도,예산군,추가아동양육비,36,,202501,경상북도,경주시,추가아동양육비,145
통합,경상북도,안동시,생활보조금,,,202503,경상북도,안동시,생활보조금,2,,202502,경상북도,안동시,아동양육비,742,,202412,충청남도,예산군,학용품비,1,,202501,경상북도,김천시,아동양육비,673
통합,경상북도,안동시,추가아동양육비,,,202503,경상북도,안동시,추가아동양육비,70,,202502,경상북도,안동시,생활보조금,2,,202412,충청남도,태안군,아동양육비,284,,202501,경상북도,김천시,추가아동양육비,73
통합,경상북도,구미시,아동양육비,,,202503,경상북도,구미시,아동양육비,2148,,202502,경상북도,안동시,추가아동양육비,67,,202412,충청남도,태안군,추가아동양육비,23,,202501,경상북도,안동시,아동양육비,742
통합,경상북도,구미시,추가아동양육비,,,202503,경상북도,구미시,추가아동양육비,295,,202502,경상북도,구미시,아동양육비,2142,,202412,전라남도,목포시,아동양육비,2384,,202501,경상북도,안동시,생활보조금,2
통합,경상북도,영주시,아동양육비,,,202503,경상북도,영주시,아동양육비,510,,202502,경상북도,구미시,추가아동양육비,302,,202412,전라남도,목포시,생활보조금,6,,202501,경상북도,안동시,추가아동양육비,65
통합,경상북도,영주시,추가아동양육비,,,202503,경상북도,영주시,추가아동양육비,50,,202502,경상북도,영주시,아동양육비,509,,202412,전라남도,목포시,추가아동양육비,281,,202501,경상북도,구미시,아동양육비,2125
통합,경상북도,영천시,아동양육비,,,202503,경상북도,영천시,아동양육비,569,,202502,경상북도,영주시,추가아동양육비,50,,202412,전라남도,목포시,학용품비,15,,202501,경상북도,구미시,추가아동양육비,306
통합,경상북도,영천시,추가아동양육비,,,202503,경상북도,영천시,추가아동양육비,55,,202502,경상북도,영천시,아동양육비,573,,202412,전라남도,여수시,아동양육비,1419,,202501,경상북도,영주시,아동양육비,501
통합,경상북도,상주시,아동양육비,,,202503,경상북도,상주시,아동양육비,351,,202502,경상북도,영천시,추가아동양육비,57,,202412,전라남도,여수시,추가아동양육비,166,,202501,경상북도,영주시,추가아동양육비,51
통합,경상북도,상주시,추가아동양육비,,,202503,경상북도,상주시,추가아동양육비,36,,202502,경상북도,상주시,아동양육비,346,,202412,전라남도,여수시,학용품비,7,,202501,경상북도,영천시,아동양육비,568
통합,경상북도,문경시,아동양육비,,,202503,경상북도,문경시,아동양육비,238,,202502,경상북도,상주시,추가아동양육비,35,,202412,전라남도,순천시,아동양육비,1219,,202501,경상북도,영천시,추가아동양육비,54
통합,경상북도,문경시,추가아동양육비,,,202503,경상북도,문경시,추가아동양육비,19,,202502,경상북도,문경시,아동양육비,259,,202412,전라남도,순천시,추가아동양육비,132,,202501,경상북도,상주시,아동양육비,345
통합,경상북도,경산시,아동양육비,,,202503,경상북도,경산시,아동양육비,1501,,202502,경상북도,문경시,추가아동양육비,21,,202412,전라남도,순천시,학용품비,4,,202501,경상북도,상주시,추가아동양육비,35
통합,경상북도,경산시,추가아동양육비,,,202503,경상북도,경산시,추가아동양육비,160,,202502,경상북도,경산시,아동양육비,1497,,202412,전라남도,나주시,아동양육비,797,,202501,경상북도,문경시,아동양육비,246
통합,경상북도,의성군,아동양육비,,,202503,경상북도,의성군,아동양육비,151,,202502,경상북도,경산시,추가아동양육비,161,,202412,전라남도,나주시,추가아동양육비,91,,202501,경상북도,문경시,추가아동양육비,21
통합,경상북도,의성군,추가아동양육비,,,202503,경상북도,의성군,추가아동양육비,13,,202502,경상북도,의성군,아동양육비,153,,202412,전라남도,나주시,학용품비,21,,202501,경상북도,경산시,아동양육비,1488
통합,경상북도,청송군,아동양육비,,,202503,경상북도,청송군,아동양육비,58,,202502,경상북도,의성군,추가아동양육비,13,,202412,전라남도,광양시,아동양육비,978,,202501,경상북도,경산시,추가아동양육비,161
통합,경상북도,청송군,추가아동양육비,,,202503,경상북도,청송군,추가아동양육비,5,,202502,경상북도,청송군,아동양육비,63,,202412,전라남도,광양시,추가아동양육비,123,,202501,경상북도,의성군,아동양육비,149
통합,경상북도,영양군,아동양육비,,,202503,경상북도,영양군,아동양육비,58,,202502,경상북도,청송군,추가아동양육비,6,,202412,전라남도,광양시,학용품비,15,,202501,경상북도,의성군,추가아동양육비,14
통합,경상북도,영양군,추가아동양육비,,,202503,경상북도,영양군,추가아동양육비,4,,202502,경상북도,영양군,아동양육비,59,,202412,전라남도,담양군,아동양육비,169,,202501,경상북도,청송군,아동양육비,62
통합,경상북도,영덕군,아동양육비,,,202503,경상북도,영덕군,아동양육비,176,,202502,경상북도,영양군,추가아동양육비,4,,202412,전라남도,담양군,추가아동양육비,18,,202501,경상북도,청송군,추가아동양육비,6
통합,경상북도,영덕군,추가아동양육비,,,202503,경상북도,영덕군,추가아동양육비,13,,202502,경상북도,영덕군,아동양육비,173,,202412,전라남도,곡성군,아동양육비,78,,202501,경상북도,영양군,아동양육비,57
통합,경상북도,청도군,아동양육비,,,202503,경상북도,청도군,아동양육비,118,,202502,경상북도,영덕군,추가아동양육비,12,,202412,전라남도,곡성군,추가아동양육비,7,,202501,경상북도,영양군,추가아동양육비,4
통합,경상북도,청도군,추가아동양육비,,,202503,경상북도,청도군,추가아동양육비,7,,202502,경상북도,청도군,아동양육비,121,,202412,전라남도,곡성군,학용품비,3,,202501,경상북도,영덕군,아동양육비,173
통합,경상북도,고령군,아동양육비,,,202503,경상북도,고령군,아동양육비,152,,202502,경상북도,청도군,추가아동양육비,7,,202412,전라남도,구례군,아동양육비,112,,202501,경상북도,영덕군,추가아동양육비,12
통합,경상북도,고령군,추가아동양육비,,,202503,경상북도,고령군,추가아동양육비,17,,202502,경상북도,고령군,아동양육비,149,,202412,전라남도,구례군,추가아동양육비,11,,202501,경상북도,청도군,아동양육비,121
통합,경상북도,성주군,아동양육비,,,202503,경상북도,성주군,아동양육비,158,,202502,경상북도,고령군,추가아동양육비,16,,202412,전라남도,고흥군,아동양육비,260,,202501,경상북도,청도군,추가아동양육비,7
통합,경상북도,성주군,추가아동양육비,,,202503,경상북도,성주군,추가아동양육비,18,,202502,경상북도,성주군,아동양육비,155,,202412,전라남도,고흥군,추가아동양육비,26,,202501,경상북도,고령군,아동양육비,146
통합,경상북도,칠곡군,아동양육비,,,202503,경상북도,칠곡군,아동양육비,873,,202502,경상북도,성주군,추가아동양육비,18,,202412,전라남도,보성군,아동양육비,159,,202501,경상북도,고령군,추가아동양육비,18
통합,경상북도,칠곡군,생활보조금,,,202503,경상북도,칠곡군,생활보조금,2,,202502,경상북도,칠곡군,아동양육비,862,,202412,전라남도,보성군,추가아동양육비,19,,202501,경상북도,성주군,아동양육비,155
통합,경상북도,칠곡군,추가아동양육비,,,202503,경상북도,칠곡군,추가아동양육비,92,,202502,경상북도,칠곡군,생활보조금,2,,202412,전라남도,화순군,아동양육비,316,,202501,경상북도,성주군,추가아동양육비,16
통합,경상북도,예천군,아동양육비,,,202503,경상북도,예천군,아동양육비,244,,202502,경상북도,칠곡군,추가아동양육비,94,,202412,전라남도,화순군,추가아동양육비,37,,202501,경상북도,칠곡군,아동양육비,863
통합,경상북도,예천군,추가아동양육비,,,202503,경상북도,예천군,추가아동양육비,27,,202502,경상북도,예천군,아동양육비,243,,202412,전라남도,장흥군,아동양육비,198,,202501,경상북도,칠곡군,생활보조금,2
통합,경상북도,봉화군,아동양육비,,,202503,경상북도,봉화군,아동양육비,75,,202502,경상북도,예천군,추가아동양육비,27,,202412,전라남도,장흥군,추가아동양육비,21,,202501,경상북도,칠곡군,추가아동양육비,101
통합,경상북도,봉화군,추가아동양육비,,,202503,경상북도,봉화군,추가아동양육비,5,,202502,경상북도,봉화군,아동양육비,76,,202412,전라남도,강진군,아동양육비,171,,202501,경상북도,예천군,아동양육비,242
통합,경상북도,울진군,아동양육비,,,202503,경상북도,울진군,아동양육비,162,,202502,경상북도,봉화군,추가아동양육비,5,,202412,전라남도,강진군,추가아동양육비,24,,202501,경상북도,예천군,추가아동양육비,29
통합,경상북도,울진군,생활보조금,,,202503,경상북도,울진군,생활보조금,6,,202502,경상북도,울진군,아동양육비,164,,202412,전라남도,해남군,아동양육비,307,,202501,경상북도,봉화군,아동양육비,74
통합,경상북도,울진군,추가아동양육비,,,202503,경상북도,울진군,추가아동양육비,17,,202502,경상북도,울진군,생활보조금,6,,202412,전라남도,해남군,추가아동양육비,35,,202501,경상북도,봉화군,추가아동양육비,5
통합,경상북도,울릉군,아동양육비,,,202503,경상북도,울릉군,아동양육비,26,,202502,경상북도,울진군,추가아동양육비,16,,202412,전라남도,영암군,아동양육비,283,,202501,경상북도,울진군,아동양육비,163
통합,경상북도,울릉군,추가아동양육비,,,202503,경상북도,울릉군,추가아동양육비,2,,202502,경상북도,울릉군,아동양육비,26,,202412,전라남도,영암군,추가아동양육비,32,,202501,경상북도,울진군,생활보조금,6
통합,경상남도,창원시,아동양육비,,,202503,경상남도,창원시,아동양육비,5251,,202502,경상북도,울릉군,추가아동양육비,2,,202412,전라남도,무안군,아동양육비,481,,202501,경상북도,울진군,추가아동양육비,18
통합,경상남도,창원시,추가아동양육비,,,202503,경상남도,창원시,추가아동양육비,524,,202502,경상남도,창원시,아동양육비,5218,,202412,전라남도,무안군,추가아동양육비,38,,202501,경상북도,울릉군,아동양육비,26
통합,경상남도,진주시,아동양육비,,,202503,경상남도,진주시,아동양육비,1976,,202502,경상남도,창원시,생활보조금,1,,202412,전라남도,무안군,학용품비,2,,202501,경상북도,울릉군,추가아동양육비,2
통합,경상남도,진주시,추가아동양육비,,,202503,경상남도,진주시,추가아동양육비,217,,202502,경상남도,창원시,추가아동양육비,527,,202412,전라남도,함평군,아동양육비,98,,202501,경상남도,창원시,아동양육비,5191
통합,경상남도,통영시,아동양육비,,,202503,경상남도,통영시,아동양육비,1038,,202502,경상남도,진주시,아동양육비,1969,,202412,전라남도,함평군,추가아동양육비,15,,202501,경상남도,창원시,생활보조금,1
통합,경상남도,통영시,생활보조금,,,202503,경상남도,통영시,생활보조금,5,,202502,경상남도,진주시,추가아동양육비,215,,202412,전라남도,영광군,아동양육비,256,,202501,경상남도,창원시,추가아동양육비,534
통합,경상남도,통영시,추가아동양육비,,,202503,경상남도,통영시,추가아동양육비,96,,202502,경상남도,통영시,아동양육비,1044,,202412,전라남도,영광군,추가아동양육비,19,,202501,경상남도,진주시,아동양육비,1937
통합,경상남도,사천시,아동양육비,,,202503,경상남도,사천시,아동양육비,713,,202502,경상남도,통영시,생활보조금,5,,202412,전라남도,영광군,학용품비,5,,202501,경상남도,진주시,추가아동양육비,213
통합,경상남도,사천시,추가아동양육비,,,202503,경상남도,사천시,추가아동양육비,56,,202502,경상남도,통영시,추가아동양육비,96,,202412,전라남도,장성군,아동양육비,185,,202501,경상남도,통영시,아동양육비,1040
통합,경상남도,김해시,아동양육비,,,202503,경상남도,김해시,아동양육비,3750,,202502,경상남도,사천시,아동양육비,714,,202412,전라남도,장성군,추가아동양육비,14,,202501,경상남도,통영시,생활보조금,5
통합,경상남도,김해시,생활보조금,,,202503,경상남도,김해시,생활보조금,7,,202502,경상남도,사천시,추가아동양육비,55,,202412,전라남도,완도군,아동양육비,221,,202501,경상남도,통영시,추가아동양육비,94
통합,경상남도,김해시,추가아동양육비,,,202503,경상남도,김해시,추가아동양육비,462,,202502,경상남도,김해시,아동양육비,3699,,202412,전라남도,완도군,추가아동양육비,20,,202501,경상남도,사천시,아동양육비,704
통합,경상남도,밀양시,아동양육비,,,202503,경상남도,밀양시,아동양육비,478,,202502,경상남도,김해시,생활보조금,8,,202412,전라남도,진도군,아동양육비,162,,202501,경상남도,사천시,추가아동양육비,56
통합,경상남도,밀양시,추가아동양육비,,,202503,경상남도,밀양시,추가아동양육비,44,,202502,경상남도,김해시,추가아동양육비,465,,202412,전라남도,진도군,추가아동양육비,7,,202501,경상남도,김해시,아동양육비,3680
통합,경상남도,거제시,아동양육비,,,202503,경상남도,거제시,아동양육비,1529,,202502,경상남도,밀양시,아동양육비,482,,202412,전라남도,신안군,아동양육비,127,,202501,경상남도,김해시,생활보조금,8
통합,경상남도,거제시,추가아동양육비,,,202503,경상남도,거제시,추가아동양육비,195,,202502,경상남도,밀양시,추가아동양육비,45,,202412,전라남도,신안군,추가아동양육비,5,,202501,경상남도,김해시,추가아동양육비,463
통합,경상남도,양산시,아동양육비,,,202503,경상남도,양산시,아동양육비,2121,,202502,경상남도,거제시,아동양육비,1514,,202412,경상북도,포항시,아동양육비,3360,,202501,경상남도,밀양시,아동양육비,475
통합,경상남도,양산시,추가아동양육비,,,202503,경상남도,양산시,추가아동양육비,243,,202502,경상남도,거제시,추가아동양육비,208,,202412,경상북도,포항시,추가아동양육비,345,,202501,경상남도,밀양시,추가아동양육비,45
통합,경상남도,의령군,아동양육비,,,202503,경상남도,의령군,아동양육비,106,,202502,경상남도,양산시,아동양육비,2105,,202412,경상북도,포항시,학용품비,13,,202501,경상남도,밀양시,학용품비,7
통합,경상남도,의령군,추가아동양육비,,,202503,경상남도,의령군,추가아동양육비,12,,202502,경상남도,양산시,추가아동양육비,236,,202412,경상북도,경주시,아동양육비,1288,,202501,경상남도,거제시,아동양육비,1515
통합,경상남도,함안군,아동양육비,,,202503,경상남도,함안군,아동양육비,322,,202502,경상남도,의령군,아동양육비,107,,202412,경상북도,경주시,생활보조금,1,,202501,경상남도,거제시,추가아동양육비,206
통합,경상남도,함안군,추가아동양육비,,,202503,경상남도,함안군,추가아동양육비,18,,202502,경상남도,의령군,추가아동양육비,15,,202412,경상북도,경주시,추가아동양육비,149,,202501,경상남도,양산시,아동양육비,2080
통합,경상남도,창녕군,아동양육비,,,202503,경상남도,창녕군,아동양육비,281,,202502,경상남도,함안군,아동양육비,313,,202412,경상북도,경주시,학용품비,16,,202501,경상남도,양산시,추가아동양육비,237
통합,경상남도,창녕군,추가아동양육비,,,202503,경상남도,창녕군,추가아동양육비,27,,202502,경상남도,함안군,추가아동양육비,17,,202412,경상북도,김천시,아동양육비,738,,202501,경상남도,의령군,아동양육비,110
통합,경상남도,고성군,아동양육비,,,202503,경상남도,고성군,아동양육비,250,,202502,경상남도,창녕군,아동양육비,286,,202412,경상북도,김천시,추가아동양육비,72,,202501,경상남도,의령군,추가아동양육비,15
통합,경상남도,고성군,추가아동양육비,,,202503,경상남도,고성군,추가아동양육비,18,,202502,경상남도,창녕군,추가아동양육비,27,,202412,경상북도,김천시,학용품비,1,,202501,경상남도,함안군,아동양육비,309
통합,경상남도,남해군,아동양육비,,,202503,경상남도,남해군,아동양육비,169,,202502,경상남도,고성군,아동양육비,237,,202412,경상북도,안동시,아동양육비,826,,202501,경상남도,함안군,추가아동양육비,17
통합,경상남도,남해군,추가아동양육비,,,202503,경상남도,남해군,추가아동양육비,12,,202502,경상남도,고성군,추가아동양육비,18,,202412,경상북도,안동시,생활보조금,2,,202501,경상남도,창녕군,아동양육비,276
통합,경상남도,하동군,아동양육비,,,202503,경상남도,하동군,아동양육비,173,,202502,경상남도,남해군,아동양육비,172,,202412,경상북도,안동시,추가아동양육비,64,,202501,경상남도,창녕군,추가아동양육비,26
통합,경상남도,하동군,추가아동양육비,,,202503,경상남도,하동군,추가아동양육비,21,,202502,경상남도,남해군,추가아동양육비,13,,202412,경상북도,안동시,학용품비,26,,202501,경상남도,고성군,아동양육비,232
통합,경상남도,산청군,아동양육비,,,202503,경상남도,산청군,아동양육비,119,,202502,경상남도,하동군,아동양육비,171,,202412,경상북도,구미시,아동양육비,2282,,202501,경상남도,고성군,추가아동양육비,18
통합,경상남도,산청군,추가아동양육비,,,202503,경상남도,산청군,추가아동양육비,6,,202502,경상남도,하동군,추가아동양육비,23,,202412,경상북도,구미시,추가아동양육비,310,,202501,경상남도,남해군,아동양육비,165
통합,경상남도,함양군,아동양육비,,,202503,경상남도,함양군,아동양육비,186,,202502,경상남도,산청군,아동양육비,116,,202412,경상북도,영주시,아동양육비,547,,202501,경상남도,남해군,추가아동양육비,14
통합,경상남도,함양군,추가아동양육비,,,202503,경상남도,함양군,추가아동양육비,9,,202502,경상남도,산청군,추가아동양육비,5,,202412,경상북도,영주시,추가아동양육비,48,,202501,경상남도,하동군,아동양육비,169
통합,경상남도,거창군,아동양육비,,,202503,경상남도,거창군,아동양육비,316,,202502,경상남도,함양군,아동양육비,185,,202412,경상북도,영천시,아동양육비,620,,202501,경상남도,하동군,추가아동양육비,28
통합,경상남도,거창군,추가아동양육비,,,202503,경상남도,거창군,추가아동양육비,31,,202502,경상남도,함양군,추가아동양육비,9,,202412,경상북도,영천시,추가아동양육비,55,,202501,경상남도,산청군,아동양육비,112
통합,경상남도,합천군,아동양육비,,,202503,경상남도,합천군,아동양육비,85,,202502,경상남도,거창군,아동양육비,309,,202412,경상북도,상주시,아동양육비,378,,202501,경상남도,산청군,추가아동양육비,5
통합,경상남도,합천군,추가아동양육비,,,202503,경상남도,합천군,추가아동양육비,7,,202502,경상남도,거창군,추가아동양육비,28,,202412,경상북도,상주시,추가아동양육비,35,,202501,경상남도,함양군,아동양육비,180
통합,제주특별자치도,제주시,아동양육비,,,202503,제주특별자치도,제주시,아동양육비,3422,,202502,경상남도,합천군,아동양육비,86,,202412,경상북도,문경시,아동양육비,246,,202501,경상남도,함양군,추가아동양육비,11
통합,제주특별자치도,제주시,추가아동양육비,,,202503,제주특별자치도,제주시,추가아동양육비,423,,202502,경상남도,합천군,추가아동양육비,7,,202412,경상북도,문경시,추가아동양육비,22,,202501,경상남도,거창군,아동양육비,307
통합,제주특별자치도,서귀포시,아동양육비,,,202503,제주특별자치도,서귀포시,아동양육비,1187,,202502,제주특별자치도,제주시,아동양육비,3415,,202412,경상북도,경산시,아동양육비,1610,,202501,경상남도,거창군,추가아동양육비,28
통합,제주특별자치도,서귀포시,추가아동양육비,,,202503,제주특별자치도,서귀포시,추가아동양육비,120,,202502,제주특별자치도,제주시,추가아동양육비,427,,202412,경상북도,경산시,추가아동양육비,169,,202501,경상남도,합천군,아동양육비,93
통합,강원특별자치도,춘천시,아동양육비,,,202503,강원특별자치도,춘천시,아동양육비,1456,,202502,제주특별자치도,서귀포시,아동양육비,1183,,202412,경상북도,경산시,학용품비,3,,202501,경상남도,합천군,추가아동양육비,7
통합,강원특별자치도,춘천시,생활보조금,,,202503,강원특별자치도,춘천시,생활보조금,1,,202502,제주특별자치도,서귀포시,추가아동양육비,117,,202412,경상북도,의성군,아동양육비,168,,202501,제주특별자치도,제주시,아동양육비,3384
통합,강원특별자치도,춘천시,추가아동양육비,,,202503,강원특별자치도,춘천시,추가아동양육비,182,,202502,강원특별자치도,춘천시,아동양육비,1451,,202412,경상북도,의성군,추가아동양육비,14,,202501,제주특별자치도,제주시,추가아동양육비,423
통합,강원특별자치도,원주시,아동양육비,,,202503,강원특별자치도,원주시,아동양육비,2034,,202502,강원특별자치도,춘천시,생활보조금,1,,202412,경상북도,청송군,아동양육비,65,,202501,제주특별자치도,서귀포시,아동양육비,1176
통합,강원특별자치도,원주시,추가아동양육비,,,202503,강원특별자치도,원주시,추가아동양육비,272,,202502,강원특별자치도,춘천시,추가아동양육비,182,,202412,경상북도,청송군,추가아동양육비,5,,202501,제주특별자치도,서귀포시,추가아동양육비,124
통합,강원특별자치도,강릉시,아동양육비,,,202503,강원특별자치도,강릉시,아동양육비,1102,,202502,강원특별자치도,원주시,아동양육비,2014,,202412,경상북도,영양군,아동양육비,67,,202501,강원특별자치도,춘천시,아동양육비,1437
통합,강원특별자치도,강릉시,생활보조금,,,202503,강원특별자치도,강릉시,생활보조금,2,,202502,강원특별자치도,원주시,추가아동양육비,265,,202412,경상북도,영양군,추가아동양육비,4,,202501,강원특별자치도,춘천시,생활보조금,1
통합,강원특별자치도,강릉시,추가아동양육비,,,202503,강원특별자치도,강릉시,추가아동양육비,134,,202502,강원특별자치도,강릉시,아동양육비,1054,,202412,경상북도,영양군,학용품비,3,,202501,강원특별자치도,춘천시,추가아동양육비,179
통합,강원특별자치도,동해시,아동양육비,,,202503,강원특별자치도,동해시,아동양육비,526,,202502,강원특별자치도,강릉시,생활보조금,2,,202412,경상북도,영덕군,아동양육비,179,,202501,강원특별자치도,원주시,아동양육비,2003
통합,강원특별자치도,동해시,추가아동양육비,,,202503,강원특별자치도,동해시,추가아동양육비,84,,202502,강원특별자치도,강릉시,추가아동양육비,136,,202412,경상북도,영덕군,추가아동양육비,12,,202501,강원특별자치도,원주시,추가아동양육비,280
통합,강원특별자치도,태백시,아동양육비,,,202503,강원특별자치도,태백시,아동양육비,215,,202502,강원특별자치도,동해시,아동양육비,520,,202412,경상북도,청도군,아동양육비,143,,202501,강원특별자치도,강릉시,아동양육비,1175
통합,강원특별자치도,태백시,추가아동양육비,,,202503,강원특별자치도,태백시,추가아동양육비,8,,202502,강원특별자치도,동해시,추가아동양육비,84,,202412,경상북도,청도군,추가아동양육비,7,,202501,강원특별자치도,강릉시,생활보조금,2
통합,강원특별자치도,속초시,아동양육비,,,202503,강원특별자치도,속초시,아동양육비,534,,202502,강원특별자치도,태백시,아동양육비,214,,202412,경상북도,고령군,아동양육비,159,,202501,강원특별자치도,강릉시,추가아동양육비,136
통합,강원특별자치도,속초시,추가아동양육비,,,202503,강원특별자치도,속초시,추가아동양육비,70,,202502,강원특별자치도,태백시,추가아동양육비,9,,202412,경상북도,고령군,추가아동양육비,17,,202501,강원특별자치도,동해시,아동양육비,521
통합,강원특별자치도,삼척시,아동양육비,,,202503,강원특별자치도,삼척시,아동양육비,267,,202502,강원특별자치도,속초시,아동양육비,530,,202412,경상북도,성주군,아동양육비,169,,202501,강원특별자치도,동해시,추가아동양육비,83
통합,강원특별자치도,삼척시,추가아동양육비,,,202503,강원특별자치도,삼척시,추가아동양육비,40,,202502,강원특별자치도,속초시,추가아동양육비,72,,202412,경상북도,성주군,추가아동양육비,16,,202501,강원특별자치도,태백시,아동양육비,215
통합,강원특별자치도,홍천군,아동양육비,,,202503,강원특별자치도,홍천군,아동양육비,206,,202502,강원특별자치도,삼척시,아동양육비,267,,202412,경상북도,칠곡군,아동양육비,920,,202501,강원특별자치도,태백시,추가아동양육비,12
통합,강원특별자치도,홍천군,추가아동양육비,,,202503,강원특별자치도,홍천군,추가아동양육비,26,,202502,강원특별자치도,삼척시,추가아동양육비,38,,202412,경상북도,칠곡군,생활보조금,2,,202501,강원특별자치도,속초시,아동양육비,530
통합,강원특별자치도,횡성군,아동양육비,,,202503,강원특별자치도,횡성군,아동양육비,125,,202502,강원특별자치도,홍천군,아동양육비,207,,202412,경상북도,칠곡군,추가아동양육비,100,,202501,강원특별자치도,속초시,추가아동양육비,72
통합,강원특별자치도,횡성군,추가아동양육비,,,202503,강원특별자치도,횡성군,추가아동양육비,17,,202502,강원특별자치도,홍천군,추가아동양육비,26,,202412,경상북도,예천군,아동양육비,252,,202501,강원특별자치도,삼척시,아동양육비,257
통합,강원특별자치도,영월군,아동양육비,,,202503,강원특별자치도,영월군,아동양육비,148,,202502,강원특별자치도,횡성군,아동양육비,124,,202412,경상북도,예천군,추가아동양육비,29,,202501,강원특별자치도,삼척시,추가아동양육비,34
통합,강원특별자치도,영월군,추가아동양육비,,,202503,강원특별자치도,영월군,추가아동양육비,16,,202502,강원특별자치도,횡성군,추가아동양육비,17,,202412,경상북도,예천군,학용품비,7,,202501,강원특별자치도,홍천군,아동양육비,209
통합,강원특별자치도,평창군,아동양육비,,,202503,강원특별자치도,평창군,아동양육비,81,,202502,강원특별자치도,영월군,아동양육비,140,,202412,경상북도,봉화군,아동양육비,74,,202501,강원특별자치도,홍천군,추가아동양육비,25
통합,강원특별자치도,평창군,추가아동양육비,,,202503,강원특별자치도,평창군,추가아동양육비,6,,202502,강원특별자치도,영월군,추가아동양육비,16,,202412,경상북도,봉화군,추가아동양육비,5,,202501,강원특별자치도,횡성군,아동양육비,120
통합,강원특별자치도,정선군,아동양육비,,,202503,강원특별자치도,정선군,아동양육비,103,,202502,강원특별자치도,평창군,아동양육비,77,,202412,경상북도,울진군,아동양육비,179,,202501,강원특별자치도,횡성군,추가아동양육비,18
통합,강원특별자치도,정선군,추가아동양육비,,,202503,강원특별자치도,정선군,추가아동양육비,5,,202502,강원특별자치도,평창군,추가아동양육비,6,,202412,경상북도,울진군,생활보조금,6,,202501,강원특별자치도,영월군,아동양육비,137
통합,강원특별자치도,철원군,아동양육비,,,202503,강원특별자치도,철원군,아동양육비,139,,202502,강원특별자치도,정선군,아동양육비,103,,202412,경상북도,울진군,추가아동양육비,19,,202501,강원특별자치도,영월군,추가아동양육비,17
통합,강원특별자치도,철원군,추가아동양육비,,,202503,강원특별자치도,철원군,추가아동양육비,18,,202502,강원특별자치도,정선군,추가아동양육비,4,,202412,경상북도,울릉군,아동양육비,26,,202501,강원특별자치도,평창군,아동양육비,77
통합,강원특별자치도,화천군,아동양육비,,,202503,강원특별자치도,화천군,아동양육비,77,,202502,강원특별자치도,철원군,아동양육비,143,,202412,경상북도,울릉군,추가아동양육비,2,,202501,강원특별자치도,평창군,추가아동양육비,5
통합,강원특별자치도,화천군,추가아동양육비,,,202503,강원특별자치도,화천군,추가아동양육비,6,,202502,강원특별자치도,철원군,추가아동양육비,20,,202412,경상남도,창원시,아동양육비,5640,,202501,강원특별자치도,정선군,아동양육비,102
통합,강원특별자치도,양구군,아동양육비,,,202503,강원특별자치도,양구군,아동양육비,76,,202502,강원특별자치도,화천군,아동양육비,79,,202412,경상남도,창원시,생활보조금,1,,202501,강원특별자치도,정선군,추가아동양육비,4
통합,강원특별자치도,양구군,추가아동양육비,,,202503,강원특별자치도,양구군,추가아동양육비,7,,202502,강원특별자치도,화천군,추가아동양육비,6,,202412,경상남도,창원시,추가아동양육비,547,,202501,강원특별자치도,철원군,아동양육비,137
통합,강원특별자치도,인제군,아동양육비,,,202503,강원특별자치도,인제군,아동양육비,96,,202502,강원특별자치도,양구군,아동양육비,77,,202412,경상남도,창원시,학용품비,4,,202501,강원특별자치도,철원군,추가아동양육비,15
통합,강원특별자치도,인제군,추가아동양육비,,,202503,강원특별자치도,인제군,추가아동양육비,6,,202502,강원특별자치도,양구군,추가아동양육비,7,,202412,경상남도,진주시,아동양육비,2118,,202501,강원특별자치도,화천군,아동양육비,79
통합,강원특별자치도,고성군,아동양육비,,,202503,강원특별자치도,고성군,아동양육비,89,,202502,강원특별자치도,인제군,아동양육비,98,,202412,경상남도,진주시,추가아동양육비,215,,202501,강원특별자치도,화천군,추가아동양육비,6
통합,강원특별자치도,고성군,추가아동양육비,,,202503,강원특별자치도,고성군,추가아동양육비,13,,202502,강원특별자치도,인제군,추가아동양육비,7,,202412,경상남도,통영시,아동양육비,1151,,202501,강원특별자치도,양구군,아동양육비,75
통합,강원특별자치도,양양군,아동양육비,,,202503,강원특별자치도,양양군,아동양육비,86,,202502,강원특별자치도,고성군,아동양육비,89,,202412,경상남도,통영시,생활보조금,3,,202501,강원특별자치도,양구군,추가아동양육비,7
통합,강원특별자치도,양양군,추가아동양육비,,,202503,강원특별자치도,양양군,추가아동양육비,8,,202502,강원특별자치도,고성군,추가아동양육비,13,,202412,경상남도,통영시,추가아동양육비,99,,202501,강원특별자치도,인제군,아동양육비,97
통합,전북특별자치도,전주시,아동양육비,,,202503,전북특별자치도,전주시,아동양육비,4489,,202502,강원특별자치도,양양군,아동양육비,78,,202412,경상남도,사천시,아동양육비,696,,202501,강원특별자치도,인제군,추가아동양육비,7
통합,전북특별자치도,전주시,생활보조금,,,202503,전북특별자치도,전주시,생활보조금,2,,202502,강원특별자치도,양양군,추가아동양육비,9,,202412,경상남도,사천시,추가아동양육비,57,,202501,강원특별자치도,고성군,아동양육비,86
통합,전북특별자치도,전주시,추가아동양육비,,,202503,전북특별자치도,전주시,추가아동양육비,567,,202502,전북특별자치도,전주시,아동양육비,4453,,202412,경상남도,김해시,아동양육비,4016,,202501,강원특별자치도,고성군,추가아동양육비,12
통합,전북특별자치도,군산시,아동양육비,,,202503,전북특별자치도,군산시,아동양육비,1656,,202502,전북특별자치도,전주시,생활보조금,2,,202412,경상남도,김해시,생활보조금,8,,202501,강원특별자치도,양양군,아동양육비,78
통합,전북특별자치도,군산시,생활보조금,,,202503,전북특별자치도,군산시,생활보조금,3,,202502,전북특별자치도,전주시,추가아동양육비,567,,202412,경상남도,김해시,추가아동양육비,474,,202501,강원특별자치도,양양군,추가아동양육비,10
통합,전북특별자치도,군산시,추가아동양육비,,,202503,전북특별자치도,군산시,추가아동양육비,175,,202502,전북특별자치도,군산시,아동양육비,1637,,202412,경상남도,밀양시,아동양육비,515,,202501,전북특별자치도,전주시,아동양육비,4415
통합,전북특별자치도,익산시,아동양육비,,,202503,전북특별자치도,익산시,아동양육비,2367,,202502,전북특별자치도,군산시,생활보조금,3,,202412,경상남도,밀양시,추가아동양육비,42,,202501,전북특별자치도,전주시,생활보조금,2
통합,전북특별자치도,익산시,생활보조금,,,202503,전북특별자치도,익산시,생활보조금,1,,202502,전북특별자치도,군산시,추가아동양육비,173,,202412,경상남도,밀양시,학용품비,8,,202501,전북특별자치도,전주시,추가아동양육비,582
통합,전북특별자치도,익산시,추가아동양육비,,,202503,전북특별자치도,익산시,추가아동양육비,266,,202502,전북특별자치도,익산시,아동양육비,2343,,202412,경상남도,거제시,아동양육비,1622,,202501,전북특별자치도,군산시,아동양육비,1623
통합,전북특별자치도,정읍시,아동양육비,,,202503,전북특별자치도,정읍시,아동양육비,690,,202502,전북특별자치도,익산시,생활보조금,1,,202412,경상남도,거제시,추가아동양육비,205,,202501,전북특별자치도,군산시,생활보조금,3
통합,전북특별자치도,정읍시,추가아동양육비,,,202503,전북특별자치도,정읍시,추가아동양육비,95,,202502,전북특별자치도,익산시,추가아동양육비,259,,202412,경상남도,거제시,학용품비,9,,202501,전북특별자치도,군산시,추가아동양육비,175
통합,전북특별자치도,남원시,아동양육비,,,202503,전북특별자치도,남원시,아동양육비,544,,202502,전북특별자치도,정읍시,아동양육비,688,,202412,경상남도,양산시,아동양육비,2249,,202501,전북특별자치도,익산시,아동양육비,2339
통합,전북특별자치도,남원시,추가아동양육비,,,202503,전북특별자치도,남원시,추가아동양육비,44,,202502,전북특별자치도,정읍시,추가아동양육비,98,,202412,경상남도,양산시,추가아동양육비,236,,202501,전북특별자치도,익산시,생활보조금,1
통합,전북특별자치도,김제시,아동양육비,,,202503,전북특별자치도,김제시,아동양육비,549,,202502,전북특별자치도,남원시,아동양육비,530,,202412,경상남도,양산시,학용품비,19,,202501,전북특별자치도,익산시,추가아동양육비,264
통합,전북특별자치도,김제시,추가아동양육비,,,202503,전북특별자치도,김제시,추가아동양육비,53,,202502,전북특별자치도,남원시,추가아동양육비,44,,202412,경상남도,의령군,아동양육비,114,,202501,전북특별자치도,정읍시,아동양육비,675
통합,전북특별자치도,완주군,아동양육비,,,202503,전북특별자치도,완주군,아동양육비,680,,202502,전북특별자치도,김제시,아동양육비,541,,202412,경상남도,의령군,추가아동양육비,15,,202501,전북특별자치도,정읍시,추가아동양육비,96
통합,전북특별자치도,완주군,생활보조금,,,202503,전북특별자치도,완주군,생활보조금,6,,202502,전북특별자치도,김제시,추가아동양육비,50,,202412,경상남도,함안군,아동양육비,338,,202501,전북특별자치도,남원시,아동양육비,532
통합,전북특별자치도,완주군,추가아동양육비,,,202503,전북특별자치도,완주군,추가아동양육비,87,,202502,전북특별자치도,완주군,아동양육비,673,,202412,경상남도,함안군,추가아동양육비,17,,202501,전북특별자치도,남원시,추가아동양육비,51
통합,전북특별자치도,진안군,아동양육비,,,202503,전북특별자치도,진안군,아동양육비,98,,202502,전북특별자치도,완주군,생활보조금,4,,202412,경상남도,창녕군,아동양육비,303,,202501,전북특별자치도,김제시,아동양육비,536
통합,전북특별자치도,진안군,추가아동양육비,,,202503,전북특별자치도,진안군,추가아동양육비,4,,202502,전북특별자치도,완주군,추가아동양육비,86,,202412,경상남도,창녕군,추가아동양육비,28,,202501,전북특별자치도,김제시,추가아동양육비,50
통합,전북특별자치도,무주군,아동양육비,,,202503,전북특별자치도,무주군,아동양육비,87,,202502,전북특별자치도,진안군,아동양육비,98,,202412,경상남도,창녕군,학용품비,1,,202501,전북특별자치도,완주군,아동양육비,665
통합,전북특별자치도,무주군,추가아동양육비,,,202503,전북특별자치도,무주군,추가아동양육비,6,,202502,전북특별자치도,진안군,추가아동양육비,6,,202412,경상남도,고성군,아동양육비,256,,202501,전북특별자치도,완주군,생활보조금,4
통합,전북특별자치도,장수군,아동양육비,,,202503,전북특별자치도,장수군,아동양육비,98,,202502,전북특별자치도,무주군,아동양육비,85,,202412,경상남도,고성군,추가아동양육비,19,,202501,전북특별자치도,완주군,추가아동양육비,86
통합,전북특별자치도,장수군,추가아동양육비,,,202503,전북특별자치도,장수군,추가아동양육비,4,,202502,전북특별자치도,무주군,추가아동양육비,6,,202412,경상남도,남해군,아동양육비,177,,202501,전북특별자치도,진안군,아동양육비,98
통합,전북특별자치도,임실군,아동양육비,,,202503,전북특별자치도,임실군,아동양육비,117,,202502,전북특별자치도,장수군,아동양육비,101,,202412,경상남도,남해군,추가아동양육비,14,,202501,전북특별자치도,진안군,추가아동양육비,6
통합,전북특별자치도,임실군,추가아동양육비,,,202503,전북특별자치도,임실군,추가아동양육비,9,,202502,전북특별자치도,장수군,추가아동양육비,8,,202412,경상남도,하동군,아동양육비,186,,202501,전북특별자치도,무주군,아동양육비,80
통합,전북특별자치도,순창군,아동양육비,,,202503,전북특별자치도,순창군,아동양육비,146,,202502,전북특별자치도,임실군,아동양육비,117,,202412,경상남도,하동군,추가아동양육비,25,,202501,전북특별자치도,무주군,추가아동양육비,6
통합,전북특별자치도,순창군,추가아동양육비,,,202503,전북특별자치도,순창군,추가아동양육비,14,,202502,전북특별자치도,임실군,추가아동양육비,7,,202412,경상남도,하동군,학용품비,2,,202501,전북특별자치도,장수군,아동양육비,100
통합,전북특별자치도,고창군,아동양육비,,,202503,전북특별자치도,고창군,아동양육비,250,,202502,전북특별자치도,순창군,아동양육비,147,,202412,경상남도,산청군,아동양육비,127,,202501,전북특별자치도,장수군,추가아동양육비,8
통합,전북특별자치도,고창군,추가아동양육비,,,202503,전북특별자치도,고창군,추가아동양육비,18,,202502,전북특별자치도,순창군,추가아동양육비,14,,202412,경상남도,산청군,추가아동양육비,5,,202501,전북특별자치도,임실군,아동양육비,118
통합,전북특별자치도,부안군,아동양육비,,,202503,전북특별자치도,부안군,아동양육비,210,,202502,전북특별자치도,고창군,아동양육비,253,,202412,경상남도,함양군,아동양육비,196,,202501,전북특별자치도,임실군,추가아동양육비,9
통합,전북특별자치도,부안군,추가아동양육비,,,202503,전북특별자치도,부안군,추가아동양육비,26,,202502,전북특별자치도,고창군,추가아동양육비,21,,202412,경상남도,함양군,추가아동양육비,11,,202501,전북특별자치도,순창군,아동양육비,146
,,,,,,,,,,,,202502,전북특별자치도,부안군,아동양육비,206,,202412,경상남도,거창군,아동양육비,337,,202501,전북특별자치도,순창군,추가아동양육비,12
,,,,,,,,,,,,202502,전북특별자치도,부안군,추가아동양육비,26,,202412,경상남도,거창군,추가아동양육비,28,,202501,전북특별자치도,고창군,아동양육비,249
,,,,,,,,,,,,,,,,,,202412,경상남도,합천군,아동양육비,96,,202501,전북특별자치도,고창군,추가아동양육비,21
,,,,,,,,,,,,,,,,,,202412,경상남도,합천군,추가아동양육비,7,,202501,전북특별자치도,부안군,아동양육비,200
,,,,,,,,,,,,,,,,,,202412,제주특별자치도,제주시,아동양육비,3612,,202501,전북특별자치도,부안군,추가아동양육비,25
,,,,,,,,,,,,,,,,,,202412,제주특별자치도,제주시,추가아동양육비,411,,,,,,
,,,,,,,,,,,,,,,,,,202412,제주특별자치도,서귀포시,아동양육비,1251,,,,,,
,,,,,,,,,,,,,,,,,,202412,제주특별자치도,서귀포시,추가아동양육비,125,,,,,,
,,,,,,,,,,,,,,,,,,202412,제주특별자치도,서귀포시,학용품비,4,,,,,,
,,,,,,,,,,,,,,,,,,202412,강원특별자치도,춘천시,아동양육비,1590,,,,,,
,,,,,,,,,,,,,,,,,,202412,강원특별자치도,춘천시,생활보조금,1,,,,,,
,,,,,,,,,,,,,,,,,,202412,강원특별자치도,춘천시,추가아동양육비,186,,,,,,
,,,,,,,,,,,,,,,,,,202412,강원특별자치도,춘천시,학용품비,16,,,,,,
,,,,,,,,,,,,,,,,,,202412,강원특별자치도,원주시,아동양육비,2163,,,,,,
,,,,,,,,,,,,,,,,,,202412,강원특별자치도,원주시,추가아동양육비,284,,,,,,
,,,,,,,,,,,,,,,,,,202412,강원특별자치도,강릉시,아동양육비,1168,,,,,,
,,,,,,,,,,,,,,,,,,202412,강원특별자치도,강릉시,생활보조금,2,,,,,,
,,,,,,,,,,,,,,,,,,202412,강원특별자치도,강릉시,추가아동양육비,132,,,,,,
,,,,,,,,,,,,,,,,,,202412,강원특별자치도,동해시,아동양육비,565,,,,,,
,,,,,,,,,,,,,,,,,,202412,강원특별자치도,동해시,추가아동양육비,85,,,,,,
,,,,,,,,,,,,,,,,,,202412,강원특별자치도,태백시,아동양육비,232,,,,,,
,,,,,,,,,,,,,,,,,,202412,강원특별자치도,태백시,추가아동양육비,12,,,,,,
,,,,,,,,,,,,,,,,,,202412,강원특별자치도,속초시,아동양육비,575,,,,,,
,,,,,,,,,,,,,,,,,,202412,강원특별자치도,속초시,추가아동양육비,72,,,,,,
,,,,,,,,,,,,,,,,,,202412,강원특별자치도,속초시,학용품비,1,,,,,,
,,,,,,,,,,,,,,,,,,202412,강원특별자치도,삼척시,아동양육비,301,,,,,,
,,,,,,,,,,,,,,,,,,202412,강원특별자치도,삼척시,추가아동양육비,36,,,,,,
,,,,,,,,,,,,,,,,,,202412,강원특별자치도,홍천군,아동양육비,232,,,,,,
,,,,,,,,,,,,,,,,,,202412,강원특별자치도,홍천군,추가아동양육비,27,,,,,,
,,,,,,,,,,,,,,,,,,202412,강원특별자치도,횡성군,아동양육비,123,,,,,,
,,,,,,,,,,,,,,,,,,202412,강원특별자치도,횡성군,추가아동양육비,18,,,,,,
,,,,,,,,,,,,,,,,,,202412,강원특별자치도,영월군,아동양육비,151,,,,,,
,,,,,,,,,,,,,,,,,,202412,강원특별자치도,영월군,추가아동양육비,18,,,,,,
,,,,,,,,,,,,,,,,,,202412,강원특별자치도,평창군,아동양육비,84,,,,,,
,,,,,,,,,,,,,,,,,,202412,강원특별자치도,평창군,추가아동양육비,7,,,,,,
,,,,,,,,,,,,,,,,,,202412,강원특별자치도,정선군,아동양육비,113,,,,,,
,,,,,,,,,,,,,,,,,,202412,강원특별자치도,정선군,추가아동양육비,4,,,,,,
,,,,,,,,,,,,,,,,,,202412,강원특별자치도,정선군,학용품비,12,,,,,,
,,,,,,,,,,,,,,,,,,202412,강원특별자치도,철원군,아동양육비,141,,,,,,
,,,,,,,,,,,,,,,,,,202412,강원특별자치도,철원군,추가아동양육비,15,,,,,,
,,,,,,,,,,,,,,,,,,202412,강원특별자치도,화천군,아동양육비,91,,,,,,
,,,,,,,,,,,,,,,,,,202412,강원특별자치도,화천군,추가아동양육비,6,,,,,,
,,,,,,,,,,,,,,,,,,202412,강원특별자치도,화천군,학용품비,3,,,,,,
,,,,,,,,,,,,,,,,,,202412,강원특별자치도,양구군,아동양육비,71,,,,,,
,,,,,,,,,,,,,,,,,,202412,강원특별자치도,양구군,추가아동양육비,7,,,,,,
,,,,,,,,,,,,,,,,,,202412,강원특별자치도,인제군,아동양육비,100,,,,,,
,,,,,,,,,,,,,,,,,,202412,강원특별자치도,인제군,추가아동양육비,7,,,,,,
,,,,,,,,,,,,,,,,,,202412,강원특별자치도,고성군,아동양육비,98,,,,,,
,,,,,,,,,,,,,,,,,,202412,강원특별자치도,고성군,추가아동양육비,12,,,,,,
,,,,,,,,,,,,,,,,,,202412,강원특별자치도,양양군,아동양육비,88,,,,,,
,,,,,,,,,,,,,,,,,,202412,강원특별자치도,양양군,추가아동양육비,10,,,,,,
,,,,,,,,,,,,,,,,,,202412,전북특별자치도,전주시,아동양육비,4849,,,,,,
,,,,,,,,,,,,,,,,,,202412,전북특별자치도,전주시,생활보조금,2,,,,,,
,,,,,,,,,,,,,,,,,,202412,전북특별자치도,전주시,추가아동양육비,584,,,,,,
,,,,,,,,,,,,,,,,,,202412,전북특별자치도,전주시,학용품비,26,,,,,,
,,,,,,,,,,,,,,,,,,202412,전북특별자치도,군산시,아동양육비,1734,,,,,,
,,,,,,,,,,,,,,,,,,202412,전북특별자치도,군산시,생활보조금,2,,,,,,
,,,,,,,,,,,,,,,,,,202412,전북특별자치도,군산시,추가아동양육비,177,,,,,,
,,,,,,,,,,,,,,,,,,202412,전북특별자치도,군산시,학용품비,12,,,,,,
,,,,,,,,,,,,,,,,,,202412,전북특별자치도,익산시,아동양육비,2553,,,,,,
,,,,,,,,,,,,,,,,,,202412,전북특별자치도,익산시,생활보조금,1,,,,,,
,,,,,,,,,,,,,,,,,,202412,전북특별자치도,익산시,추가아동양육비,268,,,,,,
,,,,,,,,,,,,,,,,,,202412,전북특별자치도,익산시,학용품비,84,,,,,,
,,,,,,,,,,,,,,,,,,202412,전북특별자치도,정읍시,아동양육비,742,,,,,,
,,,,,,,,,,,,,,,,,,202412,전북특별자치도,정읍시,추가아동양육비,96,,,,,,
,,,,,,,,,,,,,,,,,,202412,전북특별자치도,남원시,아동양육비,568,,,,,,
,,,,,,,,,,,,,,,,,,202412,전북특별자치도,남원시,추가아동양육비,50,,,,,,
,,,,,,,,,,,,,,,,,,202412,전북특별자치도,김제시,아동양육비,604,,,,,,
,,,,,,,,,,,,,,,,,,202412,전북특별자치도,김제시,추가아동양육비,48,,,,,,
,,,,,,,,,,,,,,,,,,202412,전북특별자치도,완주군,아동양육비,726,,,,,,
,,,,,,,,,,,,,,,,,,202412,전북특별자치도,완주군,생활보조금,4,,,,,,
,,,,,,,,,,,,,,,,,,202412,전북특별자치도,완주군,추가아동양육비,84,,,,,,
,,,,,,,,,,,,,,,,,,202412,전북특별자치도,진안군,아동양육비,103,,,,,,
,,,,,,,,,,,,,,,,,,202412,전북특별자치도,진안군,추가아동양육비,7,,,,,,
,,,,,,,,,,,,,,,,,,202412,전북특별자치도,무주군,아동양육비,87,,,,,,
,,,,,,,,,,,,,,,,,,202412,전북특별자치도,무주군,추가아동양육비,6,,,,,,
,,,,,,,,,,,,,,,,,,202412,전북특별자치도,장수군,아동양육비,111,,,,,,
,,,,,,,,,,,,,,,,,,202412,전북특별자치도,장수군,추가아동양육비,8,,,,,,
,,,,,,,,,,,,,,,,,,202412,전북특별자치도,임실군,아동양육비,132,,,,,,
,,,,,,,,,,,,,,,,,,202412,전북특별자치도,임실군,추가아동양육비,9,,,,,,
,,,,,,,,,,,,,,,,,,202412,전북특별자치도,순창군,아동양육비,163,,,,,,
,,,,,,,,,,,,,,,,,,202412,전북특별자치도,순창군,추가아동양육비,12,,,,,,
,,,,,,,,,,,,,,,,,,202412,전북특별자치도,고창군,아동양육비,268,,,,,,
,,,,,,,,,,,,,,,,,,202412,전북특별자치도,고창군,추가아동양육비,20,,,,,,
,,,,,,,,,,,,,,,,,,202412,전북특별자치도,부안군,아동양육비,222,,,,,,
,,,,,,,,,,,,,,,,,,202412,전북특별자치도,부안군,추가아동양육비,30,,,,,,